record_id,festival,tradition,year,metric,value,unit,geography,sector,estimate_type,publisher,source_type,source_url,note,verified_on,value_inr_crore,is_indian_festival
ECO001,Diwali (Deepavali),Hindu,2021,festive_trade,125000.0,INR crore,India,Retail (all),reported,CAIT,Industry body (via The Tribune),https://www.tribuneindia.com/news/bharatiya-diwali/record-rs-4-75-lakh-crore-of-sales-expected-during-festivals-driven-by-swadeshi-products-cait,Rs 1.25 lakh crore,2026-09-28,125000.0,True
ECO002,Diwali (Deepavali),Hindu,2023,festive_trade,375000.0,INR crore,India,Retail (all),reported,CAIT,Industry body (via The Tribune),https://www.tribuneindia.com/news/business/diwali-sees-record-trade-of-rs-3-75-lakh-crore-cait-562159,Rs 3.75 lakh crore,2026-09-28,375000.0,True
ECO003,Diwali (Deepavali),Hindu,2024,festive_trade,425000.0,INR crore,India,Retail (all),reported,CAIT,Industry body (via The Tribune),https://www.tribuneindia.com/news/bharatiya-diwali/record-rs-4-75-lakh-crore-of-sales-expected-during-festivals-driven-by-swadeshi-products-cait,Rs 4.25 lakh crore,2026-09-28,425000.0,True
ECO004,Diwali (Deepavali),Hindu,2025,festive_trade,605000.0,INR crore,India,Retail (all),reported,CAIT,Industry body (primary),https://cait.in/record-breaking-diwali-sales-of-%E2%82%B95-40-lakh-crore-in-goods-65-thousand-crores-in-services-reflect-indias-economic-strength-and-swadeshi-spirit/,Rs 6.05 lakh crore = 5.40 goods + 0.65 services,2026-09-28,605000.0,True
ECO005,Diwali (Deepavali),Hindu,2025,festive_trade_goods,540000.0,INR crore,India,Goods,reported,CAIT,Industry body (primary),https://cait.in/record-breaking-diwali-sales-of-%E2%82%B95-40-lakh-crore-in-goods-65-thousand-crores-in-services-reflect-indias-economic-strength-and-swadeshi-spirit/,,2026-09-28,540000.0,True
ECO006,Diwali (Deepavali),Hindu,2025,festive_trade_services,65000.0,INR crore,India,Services,reported,CAIT,Industry body (primary),https://cait.in/record-breaking-diwali-sales-of-%E2%82%B95-40-lakh-crore-in-goods-65-thousand-crores-in-services-reflect-indias-economic-strength-and-swadeshi-spirit/,,2026-09-28,65000.0,True
ECO007,Diwali (Deepavali),Hindu,2025,dhanteras_trade,100000.0,INR crore,India,Retail (all),reported,CAIT,Industry body (via Angel One news),https://www.angelone.in/news/commodities/gold-silver-buying-on-dhanteras-2025-crosses-1-lakh-crore-rs-despite-price-surge,Dhanteras day,2026-09-28,100000.0,True
ECO008,Diwali (Deepavali),Hindu,2025,dhanteras_gold_silver,60000.0,INR crore,India,Jewellery / bullion,reported,CAIT,Industry body (via Angel One news),https://www.angelone.in/news/commodities/gold-silver-buying-on-dhanteras-2025-crosses-1-lakh-crore-rs-despite-price-surge,,2026-09-28,60000.0,True
ECO009,Diwali (Deepavali),Hindu,2025,dhanteras_utensils,15000.0,INR crore,India,Household,reported,CAIT,Industry body (via Angel One news),https://www.angelone.in/news/commodities/gold-silver-buying-on-dhanteras-2025-crosses-1-lakh-crore-rs-despite-price-surge,,2026-09-28,15000.0,True
ECO010,Diwali (Deepavali),Hindu,2025,dhanteras_electronics,10000.0,INR crore,India,Electronics,reported,CAIT,Industry body (via Angel One news),https://www.angelone.in/news/commodities/gold-silver-buying-on-dhanteras-2025-crosses-1-lakh-crore-rs-despite-price-surge,,2026-09-28,10000.0,True
ECO011,Raksha Bandhan,Hindu,2018,festive_trade,3000.0,INR crore,India,Retail (rakhi & gifts),reported,CAIT,Industry body (via Inshorts),https://inshorts.com/en/news/rakhi-business-set-to-grow-20--to--12-000-crore-this-year--cait-1723986512141,,2026-09-28,3000.0,True
ECO012,Raksha Bandhan,Hindu,2023,festive_trade,10000.0,INR crore,India,Retail (rakhi & gifts),reported,CAIT,Industry body (via Inshorts),https://inshorts.com/en/news/rakhi-business-set-to-grow-20--to--12-000-crore-this-year--cait-1723986512141,,2026-09-28,10000.0,True
ECO013,Raksha Bandhan,Hindu,2024,festive_trade,12000.0,INR crore,India,Retail (rakhi & gifts),projection,CAIT,Industry body (via Inshorts),https://inshorts.com/en/news/rakhi-business-set-to-grow-20--to--12-000-crore-this-year--cait-1723986512141,+20% YoY,2026-09-28,12000.0,True
ECO014,Raksha Bandhan,Hindu,2025,festive_trade,17000.0,INR crore,India,Retail (rakhi & gifts),projection,CAIT,Industry body (primary),https://cait.in/confluence-of-raksha-bandhan-and-quit-india-movement-on-august-9-traders-expect-business-worth-%E2%82%B917000-crore/,"+Rs 4,000 cr related products",2026-09-28,17000.0,True
ECO015,Raksha Bandhan,Hindu,2026,festive_trade,30000.0,INR crore,India,Retail (rakhi & gifts),projection,CAIT,Industry body (via Outlook Business),https://www.outlookbusiness.com/industry/rakhi-trade-likely-to-exceed-over-30000-cr-caits-khandelwal,"rakhi ~25,000 + complementary",2026-09-28,30000.0,True
ECO016,Holi,Hindu,2024,festive_trade,50000.0,INR crore,India,Retail (all),reported,CAIT,Industry body (primary),https://cait.in/economic-impact-of-holi-festival-on-trade-business-expected-to-surpass-%E2%82%B960000-crore-this-year/,,2026-09-28,50000.0,True
ECO017,Holi,Hindu,2025,festive_trade,60000.0,INR crore,India,Retail (all),projection,CAIT,Industry body (primary),https://cait.in/economic-impact-of-holi-festival-on-trade-business-expected-to-surpass-%E2%82%B960000-crore-this-year/,"Delhi > Rs 8,000 cr",2026-09-28,60000.0,True
ECO018,Holi,Hindu,2026,festive_trade,80000.0,INR crore,India,Retail (all),projection,CAIT,Public broadcaster (All India Radio),https://www.newsonair.gov.in/holi-trade-to-cross-%e2%82%b980000-crore-nationwide-cait,"Delhi > Rs 15,000 cr",2026-09-28,80000.0,True
ECO019,Karva Chauth,Hindu,2023,festive_trade,15000.0,INR crore,India,"Retail (jewellery, apparel, cosmetics)",reported,CAIT,Industry body (via The Tribune),https://www.tribuneindia.com/news/business/karva-chauth-spurs-estimated-rs-28000-cr-business-nationwide-rs-8000-cr-in-delhi-alone-cait,,2026-09-28,15000.0,True
ECO020,Karva Chauth,Hindu,2024,festive_trade,22000.0,INR crore,India,"Retail (jewellery, apparel, cosmetics)",reported,CAIT,Industry body (via The Tribune),https://www.tribuneindia.com/news/business/karva-chauth-spurs-estimated-rs-28000-cr-business-nationwide-rs-8000-cr-in-delhi-alone-cait,,2026-09-28,22000.0,True
ECO021,Karva Chauth,Hindu,2025,festive_trade,28000.0,INR crore,India,"Retail (jewellery, apparel, cosmetics)",reported,CAIT,Industry body (via The Tribune),https://www.tribuneindia.com/news/business/karva-chauth-spurs-estimated-rs-28000-cr-business-nationwide-rs-8000-cr-in-delhi-alone-cait,"Delhi ~ Rs 8,000 cr",2026-09-28,28000.0,True
ECO022,Ganesh Chaturthi,Hindu,2024,festive_trade,25000.0,INR crore,India,Retail + events,projection,CAIT,Industry body (primary),https://cait.in/ganesh-chaturthi-kickstarts-the-festive-season-sales-with-estimated-business-over-25000-crore-cait/,"20 lakh pandals; MH 7 lakh, KA 5 lakh",2026-09-28,25000.0,True
ECO023,Ganesh Chaturthi,Hindu,2025,festive_trade,45000.0,INR crore,India,Retail + events,projection,Complete Circle Consultants (Gurmeet Chadha),Analyst (via Business Today),https://www.businesstoday.in/india/story/indias-biggest-economic-influencer-powers-rs-45000-cr-economy-in-2025-expert-reveals-sector-wise-impact-492882-2025-09-06,not CAIT,2026-09-28,45000.0,True
ECO024,Akshaya Tritiya,Hindu,2025,gold_trade,12000.0,INR crore,India,Jewellery / bullion,reported,CAIT,Industry body (primary),https://cait.in/gold-trade-across-india-estimated-at-%E2%82%B912000-crore-on-akshaya-tritiya-today/,"silver Rs 4,000 cr extra",2026-09-28,12000.0,True
ECO025,Akshaya Tritiya,Hindu,2025,silver_trade,4000.0,INR crore,India,Jewellery / bullion,reported,CAIT,Industry body (primary),https://cait.in/gold-trade-across-india-estimated-at-%E2%82%B912000-crore-on-akshaya-tritiya-today/,,2026-09-28,4000.0,True
ECO026,Navratri / Durga Puja / Dussehra,Hindu,2019,creative_economy,32377.0,INR crore,West Bengal,Creative industries,reported,British Council / QMUL / IIT Kharagpur,Academic study (via Millennium Post),https://www.millenniumpost.in/kolkata/durga-puja-generates-economy-of-rs-32377-cr-study-431963,2.53% of state GDP; study page: https://www.britishcouncil.in/programmes/arts/Mapping-Creative-Economy-around-DurgaPuja,2026-09-28,32377.0,True
ECO027,Navratri / Durga Puja / Dussehra,Hindu,2024,festive_economy,42000.0,INR crore,West Bengal,Retail + sponsorship,reported,Industry analysts (The Federal),Verified news,https://thefederal.com/category/states/east/west-bengal/durga-puja-festivities-economy-rebounds-up-to-by-fifteen-per-cent-209324,,2026-09-28,42000.0,True
ECO028,Navratri / Durga Puja / Dussehra,Hindu,2025,festive_economy,48000.0,INR crore,West Bengal,Retail + sponsorship,projection,Industry analysts (The Federal),Verified news,https://thefederal.com/category/states/east/west-bengal/durga-puja-festivities-economy-rebounds-up-to-by-fifteen-per-cent-209324,"range 46,000-50,000; midpoint stored",2026-09-28,48000.0,True
ECO029,Maha Kumbh Mela,Hindu,2025,footfall,662100000.0,persons (visits),Uttar Pradesh,Pilgrimage,reported,Govt. of UP via All India Radio,Public broadcaster (All India Radio),https://www.newsonair.gov.in/maha-kumbh-mela-2025-concludes-in-prayagraj-on-maha-shivratri,66 crore 21 lakh over 45 days,2026-09-28,,True
ECO030,Maha Kumbh Mela,Hindu,2025,festive_trade,200000.0,INR crore,Uttar Pradesh,"Tourism, F&B, religious goods",projection,CAIT,Industry body (via The Tribune),https://www.tribuneindia.com/news/business/mahakumbh-2025-expected-to-boost-trade-by-rs-2-lakh-crore-says-confederation-of-all-india-traders,"accommodation 40k, F&B 20k, religious items 20k",2026-09-28,200000.0,True
ECO031,Sabarimala Mandala-Makaravilakku,Hindu,2024,temple_revenue,440.0,INR crore,Kerala,Pilgrimage,reported,Kerala Devaswom Minister / TDB,Verified news (Onmanorama),https://www.onmanorama.com/news/kerala/2025/01/21/sabarimala-hits-record-revenue-80-crore-increase.html,season 2024-25,2026-09-28,440.0,True
ECO032,Sabarimala Mandala-Makaravilakku,Hindu,2023,temple_revenue,360.0,INR crore,Kerala,Pilgrimage,reported,Kerala Devaswom Minister / TDB,Verified news (Onmanorama),https://www.onmanorama.com/news/kerala/2025/01/21/sabarimala-hits-record-revenue-80-crore-increase.html,season 2023-24,2026-09-28,360.0,True
ECO033,Amarnath Yatra,Hindu,2011,footfall,630000.0,persons,Jammu & Kashmir,Pilgrimage,reported,Shri Amarnathji Shrine Board (via The Tribune),Verified news,https://www.tribuneindia.com/news/j-k/amarnath-yatra-set-for-new-record-as-pilgrim-count-crosses-4-lakh-in-18-days/,all-time high,2026-09-28,,True
ECO034,Amarnath Yatra,Hindu,2024,footfall,512000.0,persons,Jammu & Kashmir,Pilgrimage,reported,Shri Amarnathji Shrine Board (via The Tribune),Verified news,https://www.tribuneindia.com/news/j-k/amarnath-yatra-set-for-new-record-as-pilgrim-count-crosses-4-lakh-in-18-days/,,2026-09-28,,True
ECO035,Amarnath Yatra,Hindu,2025,footfall,414000.0,persons,Jammu & Kashmir,Pilgrimage,reported,Shri Amarnathji Shrine Board (via The Tribune),Verified news,https://www.tribuneindia.com/news/j-k/amarnath-yatra-set-for-new-record-as-pilgrim-count-crosses-4-lakh-in-18-days/,,2026-09-28,,True
ECO036,Rath Yatra,Hindu,2026,footfall,900000.0,persons,Odisha (Puri),Pilgrimage,reported,Govt. of Odisha (via OdishaBytes),Verified news,https://odishabytes.com/9-lakh-devotees-witness-puri-rath-yatra-amid-rain-key-rituals-conducted-smoothly-odisha-govt,single day,2026-09-28,,True
ECO037,Chhath Puja,Hindu,2025,special_trains,12000.0,trains,India,Travel (rail),reported,Ministry of Railways via All India Radio,Public broadcaster (All India Radio),https://www.newsonair.gov.in/indian-railways-deploys-12-lakh-staff-runs-12000-special-trains-for-post-chhath-travel,+12 lakh staff deployed,2026-09-28,,True
ECO038,Hornbill Festival,Tribal/Indigenous,2024,footfall,204986.0,persons,Nagaland,Tourism,reported,Nagaland Tourism Dept (via Nagaland Tribune),Verified news,https://nagalandtribune.in/hornbill-festival-2024-records-204986-visitors/,"foreign 2,527; domestic 54,306",2026-09-28,,True
ECO039,Hornbill Festival,Tribal/Indigenous,2023,footfall,150000.0,persons,Nagaland,Tourism,reported,Nagaland Tourism Dept (via Nagaland Tribune),Verified news,https://nagalandtribune.in/hornbill-festival-2024-records-204986-visitors/,1.5 lakh,2026-09-28,,True
ECO040,Medaram Sammakka Saralamma Jatara,Tribal/Indigenous,2020,footfall,15000000.0,persons,Telangana,Pilgrimage,reported,The News Minute,Verified news,https://www.thenewsminute.com/telangana/medaram-jatara-one-world-s-largest-tribal-festivals-concludes-telangana-117817,1.5 crore over 4 days,2026-09-28,,True
ECO041,Hajj (Eid-ul-Adha season),Muslim,2025,footfall,1673230.0,persons,Saudi Arabia (global),Pilgrimage,reported,GASTAT (Saudi statistics authority),Government statistics,https://www.stats.gov.sa/en/w/news/49,"1,506,576 from abroad",2026-09-28,,True
ECO042,Festive season (Onam-Diwali),Cultural (multi-faith),2024,ecommerce_gmv,14.0,USD billion,India,E-commerce,reported,Redseer Strategy Consultants,Consultancy (via Storyboard18),https://www.storyboard18.com/brand-marketing/e-commerce-recorded-14-billion-gmv-this-festive-season-reveals-redseers-report-47290.htm,"15 Sep-31 Oct 2024, +12% YoY",2026-09-28,,True
ECO043,US winter holiday season (Thanksgiving-Christmas),Global analogue,2024,retail_sales,994.1,USD billion,USA,Retail (all),reported,National Retail Federation,Industry body (primary),https://nrf.com/media-center/press-releases/nrf-says-holiday-season-was-a-notable-success-as-consumers-came-out-to-spend-,1 Nov-31 Dec,2026-09-28,,False
ECO044,Chinese Spring Festival (Lunar New Year),Global analogue,2025,tourism_spending,677.0,CNY billion,China,Tourism,reported,Ministry of Culture and Tourism (gov.cn),Government,https://english.www.gov.cn/archive/statistics/202502/05/content_WS67a34ea1c6d0868f4e8ef5ed.html,8-day holiday; 501 mn trips,2026-09-28,,False
ECO045,Chinese Spring Festival (Lunar New Year),Global analogue,2025,footfall,501000000.0,trips,China,Tourism,reported,Ministry of Culture and Tourism (gov.cn),Government,https://english.www.gov.cn/archive/statistics/202502/05/content_WS67a34ea1c6d0868f4e8ef5ed.html,,2026-09-28,,False
ECO046,Oktoberfest,Global analogue,2025,footfall,6500000.0,persons,Germany (Munich),Tourism,reported,City of Munich,Government,https://www.muenchen.de/en/events/oktoberfest/numbers-records,,2026-09-28,,False
ECO047,Oktoberfest,Global analogue,2024,footfall,6700000.0,persons,Germany (Munich),Tourism,reported,City of Munich,Government,https://www.muenchen.de/en/events/oktoberfest/numbers-records,,2026-09-28,,False
ECO048,Diwali (Deepavali),Hindu,2025,sector_share_of_goods_sales,12.0,percent,India,Grocery & FMCG,reported,CAIT,Industry body (primary),https://cait.in/record-breaking-diwali-sales-of-%E2%82%B95-40-lakh-crore-in-goods-65-thousand-crores-in-services-reflect-indias-economic-strength-and-swadeshi-spirit/,,2026-09-28,,True
ECO049,Diwali (Deepavali),Hindu,2025,sector_share_of_goods_sales,10.0,percent,India,Gold & Jewellery,reported,CAIT,Industry body (primary),https://cait.in/record-breaking-diwali-sales-of-%E2%82%B95-40-lakh-crore-in-goods-65-thousand-crores-in-services-reflect-indias-economic-strength-and-swadeshi-spirit/,,2026-09-28,,True
ECO050,Diwali (Deepavali),Hindu,2025,sector_share_of_goods_sales,8.0,percent,India,Electronics & Electricals,reported,CAIT,Industry body (primary),https://cait.in/record-breaking-diwali-sales-of-%E2%82%B95-40-lakh-crore-in-goods-65-thousand-crores-in-services-reflect-indias-economic-strength-and-swadeshi-spirit/,,2026-09-28,,True
ECO051,Diwali (Deepavali),Hindu,2025,sector_share_of_goods_sales,7.0,percent,India,Consumer Durables,reported,CAIT,Industry body (primary),https://cait.in/record-breaking-diwali-sales-of-%E2%82%B95-40-lakh-crore-in-goods-65-thousand-crores-in-services-reflect-indias-economic-strength-and-swadeshi-spirit/,,2026-09-28,,True
ECO052,Diwali (Deepavali),Hindu,2025,sector_share_of_goods_sales,7.0,percent,India,Ready-made Garments,reported,CAIT,Industry body (primary),https://cait.in/record-breaking-diwali-sales-of-%E2%82%B95-40-lakh-crore-in-goods-65-thousand-crores-in-services-reflect-indias-economic-strength-and-swadeshi-spirit/,,2026-09-28,,True
ECO053,Diwali (Deepavali),Hindu,2025,sector_share_of_goods_sales,7.0,percent,India,Gift Items,reported,CAIT,Industry body (primary),https://cait.in/record-breaking-diwali-sales-of-%E2%82%B95-40-lakh-crore-in-goods-65-thousand-crores-in-services-reflect-indias-economic-strength-and-swadeshi-spirit/,,2026-09-28,,True
ECO054,Diwali (Deepavali),Hindu,2025,sector_share_of_goods_sales,5.0,percent,India,Home Decor,reported,CAIT,Industry body (primary),https://cait.in/record-breaking-diwali-sales-of-%E2%82%B95-40-lakh-crore-in-goods-65-thousand-crores-in-services-reflect-indias-economic-strength-and-swadeshi-spirit/,,2026-09-28,,True
ECO055,Diwali (Deepavali),Hindu,2025,sector_share_of_goods_sales,5.0,percent,India,Furnishing & Furniture,reported,CAIT,Industry body (primary),https://cait.in/record-breaking-diwali-sales-of-%E2%82%B95-40-lakh-crore-in-goods-65-thousand-crores-in-services-reflect-indias-economic-strength-and-swadeshi-spirit/,,2026-09-28,,True
ECO056,Diwali (Deepavali),Hindu,2025,sector_share_of_goods_sales,5.0,percent,India,Sweets & Namkeen,reported,CAIT,Industry body (primary),https://cait.in/record-breaking-diwali-sales-of-%E2%82%B95-40-lakh-crore-in-goods-65-thousand-crores-in-services-reflect-indias-economic-strength-and-swadeshi-spirit/,,2026-09-28,,True
ECO057,Diwali (Deepavali),Hindu,2025,sector_share_of_goods_sales,4.0,percent,India,Textiles & Fabrics,reported,CAIT,Industry body (primary),https://cait.in/record-breaking-diwali-sales-of-%E2%82%B95-40-lakh-crore-in-goods-65-thousand-crores-in-services-reflect-indias-economic-strength-and-swadeshi-spirit/,,2026-09-28,,True
ECO058,Diwali (Deepavali),Hindu,2025,sector_share_of_goods_sales,3.0,percent,India,Pooja Articles,reported,CAIT,Industry body (primary),https://cait.in/record-breaking-diwali-sales-of-%E2%82%B95-40-lakh-crore-in-goods-65-thousand-crores-in-services-reflect-indias-economic-strength-and-swadeshi-spirit/,,2026-09-28,,True
ECO059,Diwali (Deepavali),Hindu,2025,sector_share_of_goods_sales,3.0,percent,India,Fruits & Dry Fruits,reported,CAIT,Industry body (primary),https://cait.in/record-breaking-diwali-sales-of-%E2%82%B95-40-lakh-crore-in-goods-65-thousand-crores-in-services-reflect-indias-economic-strength-and-swadeshi-spirit/,,2026-09-28,,True
ECO060,Diwali (Deepavali),Hindu,2025,sector_share_of_goods_sales,3.0,percent,India,Bakery & Confectionery,reported,CAIT,Industry body (primary),https://cait.in/record-breaking-diwali-sales-of-%E2%82%B95-40-lakh-crore-in-goods-65-thousand-crores-in-services-reflect-indias-economic-strength-and-swadeshi-spirit/,,2026-09-28,,True
ECO061,Diwali (Deepavali),Hindu,2025,sector_share_of_goods_sales,2.0,percent,India,Footwear,reported,CAIT,Industry body (primary),https://cait.in/record-breaking-diwali-sales-of-%E2%82%B95-40-lakh-crore-in-goods-65-thousand-crores-in-services-reflect-indias-economic-strength-and-swadeshi-spirit/,,2026-09-28,,True
ECO062,Diwali (Deepavali),Hindu,2025,sector_share_of_goods_sales,19.0,percent,India,Other,reported,CAIT,Industry body (primary),https://cait.in/record-breaking-diwali-sales-of-%E2%82%B95-40-lakh-crore-in-goods-65-thousand-crores-in-services-reflect-indias-economic-strength-and-swadeshi-spirit/,,2026-09-28,,True
ECO063,Ganesh Chaturthi,Hindu,2024,sector_trade,10000.0,INR crore,India,Pandal setup,projection,CAIT,Industry body (primary),https://cait.in/ganesh-chaturthi-kickstarts-the-festive-season-sales-with-estimated-business-over-25000-crore-cait/,,2026-09-28,10000.0,True
ECO064,Ganesh Chaturthi,Hindu,2024,sector_trade,5000.0,INR crore,India,Event management,projection,CAIT,Industry body (primary),https://cait.in/ganesh-chaturthi-kickstarts-the-festive-season-sales-with-estimated-business-over-25000-crore-cait/,,2026-09-28,5000.0,True
ECO065,Ganesh Chaturthi,Hindu,2024,sector_trade,3000.0,INR crore,India,Catering & snacks,projection,CAIT,Industry body (primary),https://cait.in/ganesh-chaturthi-kickstarts-the-festive-season-sales-with-estimated-business-over-25000-crore-cait/,,2026-09-28,3000.0,True
ECO066,Ganesh Chaturthi,Hindu,2024,sector_trade,3000.0,INR crore,India,Retail merchandise,projection,CAIT,Industry body (primary),https://cait.in/ganesh-chaturthi-kickstarts-the-festive-season-sales-with-estimated-business-over-25000-crore-cait/,,2026-09-28,3000.0,True
ECO067,Ganesh Chaturthi,Hindu,2024,sector_trade,2000.0,INR crore,India,Food & sweets,projection,CAIT,Industry body (primary),https://cait.in/ganesh-chaturthi-kickstarts-the-festive-season-sales-with-estimated-business-over-25000-crore-cait/,,2026-09-28,2000.0,True
ECO068,Ganesh Chaturthi,Hindu,2024,sector_trade,2000.0,INR crore,India,Tourism & transport,projection,CAIT,Industry body (primary),https://cait.in/ganesh-chaturthi-kickstarts-the-festive-season-sales-with-estimated-business-over-25000-crore-cait/,,2026-09-28,2000.0,True
ECO069,Ganesh Chaturthi,Hindu,2024,sector_trade,500.0,INR crore,India,Idols,projection,CAIT,Industry body (primary),https://cait.in/ganesh-chaturthi-kickstarts-the-festive-season-sales-with-estimated-business-over-25000-crore-cait/,,2026-09-28,500.0,True
ECO070,Ganesh Chaturthi,Hindu,2024,sector_trade,500.0,INR crore,India,Flowers & ritual items,projection,CAIT,Industry body (primary),https://cait.in/ganesh-chaturthi-kickstarts-the-festive-season-sales-with-estimated-business-over-25000-crore-cait/,,2026-09-28,500.0,True
ECO071,Maha Kumbh Mela,Hindu,2025,sector_trade,40000.0,INR crore,Uttar Pradesh,Accommodation & tourism,projection,CAIT,Industry body (via The Tribune),https://www.tribuneindia.com/news/business/mahakumbh-2025-expected-to-boost-trade-by-rs-2-lakh-crore-says-confederation-of-all-india-traders,,2026-09-28,40000.0,True
ECO072,Maha Kumbh Mela,Hindu,2025,sector_trade,20000.0,INR crore,Uttar Pradesh,Food & beverages,projection,CAIT,Industry body (via The Tribune),https://www.tribuneindia.com/news/business/mahakumbh-2025-expected-to-boost-trade-by-rs-2-lakh-crore-says-confederation-of-all-india-traders,,2026-09-28,20000.0,True
ECO073,Maha Kumbh Mela,Hindu,2025,sector_trade,20000.0,INR crore,Uttar Pradesh,Religious items & offerings,projection,CAIT,Industry body (via The Tribune),https://www.tribuneindia.com/news/business/mahakumbh-2025-expected-to-boost-trade-by-rs-2-lakh-crore-says-confederation-of-all-india-traders,,2026-09-28,20000.0,True
ECO074,Maha Kumbh Mela,Hindu,2025,sector_trade,10000.0,INR crore,Uttar Pradesh,Entertainment & media,projection,CAIT,Industry body (via The Tribune),https://www.tribuneindia.com/news/business/mahakumbh-2025-expected-to-boost-trade-by-rs-2-lakh-crore-says-confederation-of-all-india-traders,,2026-09-28,10000.0,True
ECO075,Maha Kumbh Mela,Hindu,2025,sector_trade,10000.0,INR crore,Uttar Pradesh,Transport & logistics,projection,CAIT,Industry body (via The Tribune),https://www.tribuneindia.com/news/business/mahakumbh-2025-expected-to-boost-trade-by-rs-2-lakh-crore-says-confederation-of-all-india-traders,,2026-09-28,10000.0,True
ECO076,Maha Kumbh Mela,Hindu,2025,sector_trade,10000.0,INR crore,Uttar Pradesh,Tourism services,projection,CAIT,Industry body (via The Tribune),https://www.tribuneindia.com/news/business/mahakumbh-2025-expected-to-boost-trade-by-rs-2-lakh-crore-says-confederation-of-all-india-traders,,2026-09-28,10000.0,True
ECO077,Maha Kumbh Mela,Hindu,2025,sector_trade,3000.0,INR crore,Uttar Pradesh,Medical & wellness,projection,CAIT,Industry body (via The Tribune),https://www.tribuneindia.com/news/business/mahakumbh-2025-expected-to-boost-trade-by-rs-2-lakh-crore-says-confederation-of-all-india-traders,,2026-09-28,3000.0,True
ECO078,Maha Kumbh Mela,Hindu,2025,sector_trade,1000.0,INR crore,Uttar Pradesh,Digital services,projection,CAIT,Industry body (via The Tribune),https://www.tribuneindia.com/news/business/mahakumbh-2025-expected-to-boost-trade-by-rs-2-lakh-crore-says-confederation-of-all-india-traders,,2026-09-28,1000.0,True
