festival,tradition,festival_type,years_observed,years_presumed_sunday,years_listable,expected_states_per_year,states_confirmed_any_year,states_upper_any_year,attribution_certainty,reach_identifiable,national_reach_pct,n_regions,regions,states,modal_month,months_observed,modal_season_imd,date_drift_days,calendar_basis,mean_holiday_days,max_holiday_days,total_office_holiday_days,weighted_holiday_days,holiday_days_per_office_per_year,share_shared_date,wiki_title_resolved,wiki_observed_by,wiki_type,wiki_duration,attribution_url,attribution_publisher,primary_source_url,primary_source_publisher,latest_trade_inr_crore,latest_trade_year,trade_source_url
Buddha Purnima,Buddhist,Religious,5,0,5,13.4,14,14,1.0,True,48.2759,5,Central;East;North;North-East;West,Arunachal Pradesh;Chhattisgarh;Delhi;Himachal Pradesh;Jammu & Kashmir;Jharkhand;Madhya Pradesh;Maharashtra;Mizoram;Punjab-Haryana-Chandigarh;Tripura;Uttar Pradesh;Uttarakhand;West Bengal,5,5,Pre-monsoon,22.0,Lunar/Lunisolar (moving date),1.0,1,87,87.0,0.5118,0.2069,Buddha's Birthday,Buddhists in East Asia and Newar Buddhists and some Hindus in South and Southeast Asia (as Vesak ),"Buddhist, cultural",,https://en.wikipedia.org/wiki/Buddha's_Birthday,Wikipedia (infobox),https://www.rbi.org.in/Scripts/HolidayMatrixDisplay.aspx,Reserve Bank of India,,,
Drukpa Tshe-zi,Buddhist,Religious,5,0,5,1.0,1,1,1.0,True,3.4483,1,North-East,Sikkim,7,7;8,Monsoon,23.0,Lunar/Lunisolar (moving date),1.0,1,5,5.0,0.0294,0.0,,Buddhists of Sikkim,,,https://soreng.nic.in/festivals/,"Soreng District, Govt. of Sikkim",https://www.rbi.org.in/Scripts/HolidayMatrixDisplay.aspx,Reserve Bank of India,,,
Losar,Buddhist,New Year,5,0,5,1.0,1,1,1.0,True,3.4483,1,North-East,Sikkim,2,2;3,Winter,21.0,Lunar/Lunisolar (moving date),1.0,1,5,5.0,0.0294,0.0,Losar,"Tibetans, Bhutanese, Ladakhis, Sherpas, Tamangs, Monpas, worldwide Tibetan Buddhists","Tibetan culture, Tibetan Buddhist, New year",15 days,https://en.wikipedia.org/wiki/Losar,Wikipedia (infobox),https://www.rbi.org.in/Scripts/HolidayMatrixDisplay.aspx,Reserve Bank of India,,,
Losoong / Namsoong,Buddhist,New Year,5,0,5,1.0,1,1,1.0,True,3.4483,1,North-East,Sikkim,12,1;12,Post-monsoon,364.0,Lunar/Lunisolar (moving date),1.625,3,13,13.0,0.0765,0.3846,Losoong Festival,"Bhutias, Lepchas",,Several days,https://en.wikipedia.org/wiki/Losoong_Festival,Wikipedia (infobox),https://www.rbi.org.in/Scripts/HolidayMatrixDisplay.aspx,Reserve Bank of India,,,
Pang Lhabsol,Buddhist,Religious,3,2,3,0.9184,1,2,0.7259,True,4.3279,2,North-East;West,Sikkim,8,8;9,Monsoon,21.0,Lunar/Lunisolar (moving date),1.0,1,4,2.7551,0.027,1.0,,"Bhutia, Lepcha and Nepali communities of Sikkim",,,https://utsav.gov.in/view-event/pang-lhabsol-1,Ministry of Tourism (Utsav portal),https://www.rbi.org.in/Scripts/HolidayMatrixDisplay.aspx,Reserve Bank of India,,,
Saga Dawa,Buddhist,Religious,1,0,5,0.2947,1,2,0.6786,True,5.0817,2,North;North-East,,6,6,Monsoon,0.0,Undetermined (1 year),1.0,1,2,1.4737,0.0087,1.0,,Buddhists of Sikkim,Buddhist,,https://soreng.nic.in/festivals/,"Soreng District, Govt. of Sikkim",https://www.rbi.org.in/Scripts/HolidayMatrixDisplay.aspx,Reserve Bank of India,,,
Sonam Lhosar,Buddhist,New Year,1,0,5,0.2,1,1,1.0,True,3.4483,1,North-East,,2,2,Winter,0.0,Undetermined (1 year),1.0,1,1,1.0,0.0059,0.0,Sonam Lhosar,Tamang and Hyolmo communities,Tamang festival,,https://en.wikipedia.org/wiki/Sonam_Lhosar,Wikipedia (infobox),https://www.rbi.org.in/Scripts/HolidayMatrixDisplay.aspx,Reserve Bank of India,,,
Christmas,Christian,Religious,5,1,4,29.0,29,29,1.0,True,100.0,6,Central;East;North;North-East;South;West,Andhra Pradesh;Arunachal Pradesh;Assam;Bihar;Chhattisgarh;Delhi;Goa;Gujarat;Himachal Pradesh;Jammu & Kashmir;Jharkhand;Karnataka;Kerala;Madhya Pradesh;Maharashtra;Manipur;Meghalaya;Mizoram;Nagaland;Odisha;Punjab-Haryana-Chandigarh;Rajasthan;Sikkim;Tamil Nadu;Telangana;Tripura;Uttar Pradesh;Uttarakhand;West Bengal,12,12,Post-monsoon,1.0,Gregorian (fixed date),1.0993,3,155,155.0,1.1103,0.0323,Christmas,"Christians, Alawites, many others","Christian, cultural, international",,https://en.wikipedia.org/wiki/Christmas,Wikipedia (infobox),https://www.rbi.org.in/Scripts/HolidayMatrixDisplay.aspx,Reserve Bank of India,,,
Christmas Eve,Christian,Religious,3,1,4,2.25,3,3,1.0,True,10.3448,1,North-East,Meghalaya;Mizoram;Nagaland,12,12,Post-monsoon,0.0,Gregorian (fixed date),1.0,1,9,9.0,0.0662,0.0,Christmas Eve,Christians Many non-Christians,"Christian, cultural",,https://en.wikipedia.org/wiki/Christmas_Eve,Wikipedia (infobox),https://www.rbi.org.in/Scripts/HolidayMatrixDisplay.aspx,Reserve Bank of India,,,
Feast of St. Francis Xavier,Christian,Religious,5,1,4,1.0,1,1,1.0,True,3.4483,1,West,Goa,12,12,Post-monsoon,1.0,Gregorian (fixed date),1.0,1,5,5.0,0.0294,0.2,Francis Xavier,,,,https://en.wikipedia.org/wiki/Francis_Xavier,Wikipedia (infobox),https://www.rbi.org.in/Scripts/HolidayMatrixDisplay.aspx,Reserve Bank of India,,,
Good Friday,Christian,Religious,5,0,5,23.2,25,25,1.0,True,82.7586,6,Central;East;North;North-East;South;West,Andhra Pradesh;Arunachal Pradesh;Bihar;Chhattisgarh;Delhi;Goa;Gujarat;Himachal Pradesh;Jharkhand;Karnataka;Kerala;Madhya Pradesh;Maharashtra;Manipur;Meghalaya;Mizoram;Nagaland;Odisha;Punjab-Haryana-Chandigarh;Sikkim;Tamil Nadu;Telangana;Uttar Pradesh;Uttarakhand;West Bengal,4,3;4,Pre-monsoon,20.0,Lunar/Lunisolar (moving date),1.0,1,136,136.0,0.8,0.1912,Good Friday,Christians,Christian,,https://en.wikipedia.org/wiki/Good_Friday,Wikipedia (infobox),https://www.rbi.org.in/Scripts/HolidayMatrixDisplay.aspx,Reserve Bank of India,,,
Maundy Thursday,Christian,Religious,1,0,5,0.2,1,1,1.0,True,3.4483,1,South,,4,4,Pre-monsoon,0.0,Undetermined (1 year),1.0,1,2,2.0,0.0118,0.0,Maundy Thursday,Christians,Christian / Civic,,https://en.wikipedia.org/wiki/Maundy_Thursday,Wikipedia (infobox),https://www.rbi.org.in/Scripts/HolidayMatrixDisplay.aspx,Reserve Bank of India,,,
Missionary Day (Mizoram),Christian,Commemoration,4,1,4,1.0,1,1,1.0,True,3.4483,1,North-East,Mizoram,1,1,Winter,0.0,Gregorian (fixed date),1.0,1,4,4.0,0.0294,0.25,Christianity in Mizoram,,,,https://en.wikipedia.org/wiki/Christianity_in_Mizoram,Wikipedia (infobox),https://www.rbi.org.in/Scripts/HolidayMatrixDisplay.aspx,Reserve Bank of India,,,
Unitarian Anniversary Day,Christian,Commemoration,3,1,4,0.8138,1,2,0.9216,True,4.3279,2,North-East;West,Meghalaya,9,9,Monsoon,0.0,Gregorian (fixed date),1.0,1,4,3.2551,0.0239,0.5,Unitarian Union of North East India,,,,https://en.wikipedia.org/wiki/Unitarian_Union_of_North_East_India,Wikipedia (infobox),https://www.rbi.org.in/Scripts/HolidayMatrixDisplay.aspx,Reserve Bank of India,,,
Bengali New Year (Pohela Boishakh),Cultural (multi-faith),New Year,4,0,5,2.3799,2,5,0.6723,True,11.6854,3,East;North;North-East,Tripura;West Bengal,4,4,Pre-monsoon,0.0,Gregorian (fixed date),1.0,1,19,11.8994,0.07,1.0,Pohela Boishakh,Bengalis,"Social, cultural and national festival",,https://en.wikipedia.org/wiki/Pohela_Boishakh,Wikipedia (infobox),https://www.rbi.org.in/Scripts/HolidayMatrixDisplay.aspx,Reserve Bank of India,,,
Bohag Bihu,Cultural (multi-faith),New Year,5,1,4,1.9325,1,6,0.6913,True,6.9526,2,North;North-East,Assam;Himachal Pradesh,4,4,Pre-monsoon,1.0,Gregorian (fixed date),1.7778,3,39,18.8052,0.1178,0.9231,Bohag Bihu,,"Social, Cultural, Religious",,https://en.wikipedia.org/wiki/Bohag_Bihu,Wikipedia (infobox),https://www.rbi.org.in/Scripts/HolidayMatrixDisplay.aspx,Reserve Bank of India,,,
Magh Bihu,Cultural (multi-faith),Harvest,4,1,4,1.9879,1,6,0.3646,False,12.1117,4,East;North-East;South;West,Assam;Odisha,1,1,Winter,1.0,Gregorian (fixed date),1.0,1,18,10.9709,0.0585,1.0,Magh Bihu,People of Assam and other North eastern states,,2 days,https://en.wikipedia.org/wiki/Magh_Bihu,Wikipedia (infobox),https://www.rbi.org.in/Scripts/HolidayMatrixDisplay.aspx,Reserve Bank of India,,,
Onam,Cultural (multi-faith),Harvest,5,0,5,1.2831,1,4,0.9271,True,6.9663,1,South,Kerala,9,8;9,Monsoon,20.0,Lunar/Lunisolar (moving date),1.7273,2,23,19.4155,0.1142,0.5652,Onam,Malayalis,"Hindu religious festival, Harvest festival",10 days,https://en.wikipedia.org/wiki/Onam,Wikipedia (infobox),https://www.rbi.org.in/Scripts/HolidayMatrixDisplay.aspx,Reserve Bank of India,,,
Akshaya Tritiya,Hindu,Religious,4,1,4,0.3508,0,1,0.0,False,1.2931,1,South,,4,4;5,Pre-monsoon,20.0,Lunar/Lunisolar (moving date),1.0,1,4,1.4034,0.0103,1.0,Akshaya Tritiya,"Jain, Hindu",,,https://en.wikipedia.org/wiki/Akshaya_Tritiya,Wikipedia (infobox),https://www.rbi.org.in/Scripts/HolidayMatrixDisplay.aspx,Reserve Bank of India,12000.0,2025.0,https://cait.in/gold-trade-across-india-estimated-at-%E2%82%B912000-crore-on-akshaya-tritiya-today/
Attukal Pongala,Hindu,Religious,4,1,4,1.5069,1,9,0.5933,True,6.3601,4,East;North;South;West,Kerala,3,2;3,Pre-monsoon,24.0,Lunar/Lunisolar (moving date),1.0,1,30,6.7417,0.0496,0.9667,Attukal Pongala,Hindus of Kerala,"Religious, cultural",,https://en.wikipedia.org/wiki/Attukal_Pongala,Wikipedia (infobox),https://www.rbi.org.in/Scripts/HolidayMatrixDisplay.aspx,Reserve Bank of India,,,
Basava Jayanti,Hindu,Commemoration,4,1,4,1.0,1,1,1.0,True,3.4483,1,South,Karnataka,4,4;5,Pre-monsoon,20.0,Lunar/Lunisolar (moving date),1.0,1,4,4.0,0.0294,1.0,Basava Jayanti,,,,https://en.wikipedia.org/wiki/Basava_Jayanti,Wikipedia (infobox),https://www.rbi.org.in/Scripts/HolidayMatrixDisplay.aspx,Reserve Bank of India,,,
Bhai Dooj,Hindu,Religious,4,1,4,1.5045,0,5,0.0,False,5.1894,2,North;North-East,Himachal Pradesh,10,10;11,Post-monsoon,23.0,Lunar/Lunisolar (moving date),1.0,1,26,8.2728,0.0608,1.0,Bhai Dooj,Hindus,Religious,,https://en.wikipedia.org/wiki/Bhai_Dooj,Wikipedia (infobox),https://www.rbi.org.in/Scripts/HolidayMatrixDisplay.aspx,Reserve Bank of India,,,
Chaitra Navratri (1st day),Hindu,Religious,4,1,4,2.1421,0,7,0.0,False,7.3866,4,North;North-East;South;West,,3,3;4,Pre-monsoon,21.0,Lunar/Lunisolar (moving date),1.0,1,40,12.1518,0.0894,1.0,Navaratri,Hindus,Hindu,9 nights,https://en.wikipedia.org/wiki/Navaratri,Wikipedia (infobox),https://www.rbi.org.in/Scripts/HolidayMatrixDisplay.aspx,Reserve Bank of India,,,
Chhath Puja,Hindu,Religious,5,0,5,2.4,3,3,1.0,True,10.3448,1,East,Bihar;Jharkhand;West Bengal,11,10;11,Post-monsoon,24.0,Lunar/Lunisolar (moving date),1.3333,2,16,16.0,0.0941,0.25,Chhath,"Indians and Nepalese Maithils, Bhojpuriyas, Magahis, and Tharus","Cultural, historical, religious",4 days,https://en.wikipedia.org/wiki/Chhath,Wikipedia (infobox),https://www.rbi.org.in/Scripts/HolidayMatrixDisplay.aspx,Reserve Bank of India,,,
Diwali (Deepavali),Hindu,Religious,5,0,5,21.8,29,29,1.0,True,100.0,6,Central;East;North;North-East;South;West,Andhra Pradesh;Arunachal Pradesh;Assam;Bihar;Chhattisgarh;Delhi;Goa;Gujarat;Himachal Pradesh;Jammu & Kashmir;Jharkhand;Karnataka;Kerala;Madhya Pradesh;Maharashtra;Manipur;Meghalaya;Mizoram;Nagaland;Odisha;Punjab-Haryana-Chandigarh;Rajasthan;Sikkim;Tamil Nadu;Telangana;Tripura;Uttar Pradesh;Uttarakhand;West Bengal,10,10;11,Post-monsoon,24.0,Lunar/Lunisolar (moving date),1.2264,4,195,195.0,1.1471,0.6,Diwali,"Hindus, Jains, Sikhs, some Buddhists (notably Newar Buddhists )","Religious, cultural, seasonal",5 or 6 days (regional variations),https://en.wikipedia.org/wiki/Diwali,Wikipedia (infobox),https://www.rbi.org.in/Scripts/HolidayMatrixDisplay.aspx,Reserve Bank of India,605000.0,2025.0,https://cait.in/record-breaking-diwali-sales-of-%E2%82%B95-40-lakh-crore-in-goods-65-thousand-crores-in-services-reflect-indias-economic-strength-and-swadeshi-spirit/
Ganesh Chaturthi,Hindu,Religious,5,0,5,5.6623,4,8,0.6012,True,20.913,3,East;South;West,Andhra Pradesh;Goa;Karnataka;Maharashtra;Tamil Nadu;Telangana,9,8;9,Monsoon,22.0,Lunar/Lunisolar (moving date),1.1176,2,54,39.918,0.2348,0.9259,Ganesh Chaturthi,Hindus around the world,Religious,,https://en.wikipedia.org/wiki/Ganesh_Chaturthi,Wikipedia (infobox),https://www.rbi.org.in/Scripts/HolidayMatrixDisplay.aspx,Reserve Bank of India,45000.0,2025.0,https://www.businesstoday.in/india/story/indias-biggest-economic-influencer-powers-rs-45000-cr-economy-in-2025-expert-reveals-sector-wise-impact-492882-2025-09-06
Gudi Padwa / Ugadi,Hindu,New Year,4,1,4,4.7984,4,8,0.7712,True,18.2702,3,North;South;West,Andhra Pradesh;Karnataka;Maharashtra;Telangana,3,3;4,Pre-monsoon,21.0,Lunar/Lunisolar (moving date),1.0,1,42,28.5268,0.2098,1.0,Ugadi,Telugu and Kannadiga Hindus,"Religious (Hindu), social, cultural",,https://en.wikipedia.org/wiki/Ugadi,Wikipedia (infobox),https://www.rbi.org.in/Scripts/HolidayMatrixDisplay.aspx,Reserve Bank of India,,,
Harela,Hindu,Seasonal,4,1,4,1.0,1,1,1.0,True,3.4483,1,North,Uttarakhand,7,7,Monsoon,0.0,Gregorian (fixed date),1.0,1,4,4.0,0.0294,0.25,Harela,"People of Uttarakhand, Himachal Pradesh (especially Kumaon region )","Cultural, Religious, Agricultural",,https://en.wikipedia.org/wiki/Harela,Wikipedia (infobox),https://www.rbi.org.in/Scripts/HolidayMatrixDisplay.aspx,Reserve Bank of India,,,
Hartalika Teej,Hindu,Religious,1,0,5,0.8517,1,7,0.1788,False,14.6848,3,East;South;West,,9,9,Monsoon,0.0,Undetermined (1 year),1.0,1,9,5.5919,0.0329,1.0,Teej,Hindu women,Hindu,,https://en.wikipedia.org/wiki/Teej,Wikipedia (infobox),https://www.rbi.org.in/Scripts/HolidayMatrixDisplay.aspx,Reserve Bank of India,,,
Holi,Hindu,Religious/Seasonal,5,0,5,22.6667,23,26,0.9854,True,81.6092,6,Central;East;North;North-East;South;West,Andhra Pradesh;Arunachal Pradesh;Assam;Bihar;Chhattisgarh;Delhi;Goa;Gujarat;Himachal Pradesh;Jammu & Kashmir;Jharkhand;Madhya Pradesh;Maharashtra;Meghalaya;Mizoram;Punjab-Haryana-Chandigarh;Rajasthan;Sikkim;Telangana;Tripura;Uttar Pradesh;Uttarakhand;West Bengal,3,3,Pre-monsoon,23.0,Lunar/Lunisolar (moving date),1.2171,3,168,159.3333,0.9373,0.506,Holi,"Hindus, and others","Religious, cultural, spring festival",,https://en.wikipedia.org/wiki/Holi,Wikipedia (infobox),https://www.rbi.org.in/Scripts/HolidayMatrixDisplay.aspx,Reserve Bank of India,80000.0,2026.0,https://www.newsonair.gov.in/holi-trade-to-cross-%e2%82%b980000-crore-nationwide-cait
Igas-Bagwal,Hindu,Religious,4,1,4,1.0,1,1,1.0,True,3.4483,1,North,Uttarakhand,11,11,Post-monsoon,22.0,Lunar/Lunisolar (moving date),1.0,1,4,4.0,0.0294,0.75,Igas Bagwal,People of Uttarakhand (primarily Garhwali communities ),Cultural and religious festival,1 Day,https://en.wikipedia.org/wiki/Igas_Bagwal,Wikipedia (infobox),https://www.rbi.org.in/Scripts/HolidayMatrixDisplay.aspx,Reserve Bank of India,,,
Indra Jatra,Hindu,Religious,5,0,5,1.0316,1,2,0.9694,True,3.9927,1,North-East,Sikkim,9,9,Monsoon,23.0,Lunar/Lunisolar (moving date),1.0,1,6,5.1579,0.0303,0.6667,Indra Jatra,"Nepalis Hindus and Buddhists, Nepal",Religious,8 days,https://en.wikipedia.org/wiki/Indra_Jatra,Wikipedia (infobox),https://www.rbi.org.in/Scripts/HolidayMatrixDisplay.aspx,Reserve Bank of India,,,
Janmashtami,Hindu,Religious,5,0,5,18.0,20,20,1.0,True,68.9655,5,Central;East;North;North-East;South,Andhra Pradesh;Bihar;Chhattisgarh;Gujarat;Himachal Pradesh;Jammu & Kashmir;Jharkhand;Kerala;Madhya Pradesh;Meghalaya;Mizoram;Odisha;Punjab-Haryana-Chandigarh;Rajasthan;Sikkim;Tamil Nadu;Telangana;Uttar Pradesh;Uttarakhand;West Bengal,8,8;9,Monsoon,22.0,Lunar/Lunisolar (moving date),1.1863,2,121,121.0,0.7118,0.1901,Krishna Janmashtami,Hindus,"Religious (1–2 days), cultural",,https://en.wikipedia.org/wiki/Krishna_Janmashtami,Wikipedia (infobox),https://www.rbi.org.in/Scripts/HolidayMatrixDisplay.aspx,Reserve Bank of India,,,
Kanakadasa Jayanti,Hindu,Commemoration,5,0,5,1.0,1,1,1.0,True,3.4483,1,South,Karnataka,11,11,Post-monsoon,22.0,Lunar/Lunisolar (moving date),1.0,1,5,5.0,0.0294,0.4,Kanaka Dasa,,,,https://en.wikipedia.org/wiki/Kanaka_Dasa,Wikipedia (infobox),https://www.rbi.org.in/Scripts/HolidayMatrixDisplay.aspx,Reserve Bank of India,,,
Kartika Purnima / Rahas Purnima,Hindu,Religious,5,0,5,6.525,0,18,0.0,False,24.569,5,Central;East;North;North-East;West,,11,11,Post-monsoon,22.0,Lunar/Lunisolar (moving date),1.0,1,104,40.125,0.236,1.0,Kartika Purnima,"Hindus, Sikhs, and Jains",Religious,,https://en.wikipedia.org/wiki/Kartika_Purnima,Wikipedia (infobox),https://www.rbi.org.in/Scripts/HolidayMatrixDisplay.aspx,Reserve Bank of India,,,
Karva Chauth,Hindu,Religious,4,1,4,1.0,1,1,1.0,True,3.4483,1,North,Himachal Pradesh,10,10;11,Post-monsoon,22.0,Lunar/Lunisolar (moving date),1.0,1,4,4.0,0.0294,0.25,Karva Chauth,"Married Hindu women, in some areas, unmarried Hindu women",Hinduism,,https://en.wikipedia.org/wiki/Karva_Chauth,Wikipedia (infobox),https://www.rbi.org.in/Scripts/HolidayMatrixDisplay.aspx,Reserve Bank of India,28000.0,2025.0,https://www.tribuneindia.com/news/business/karva-chauth-spurs-estimated-rs-28000-cr-business-nationwide-rs-8000-cr-in-delhi-alone-cait
Kati Bihu,Hindu,Harvest,4,1,4,1.0308,1,2,0.9701,True,3.8734,1,North-East,Assam,10,10,Post-monsoon,1.0,Gregorian (fixed date),1.0,1,5,4.1233,0.0303,0.4,Bihu,,Regional folk,Bhogali Bihu : 2 days Rongali Bihu : 7 days; mostly celebrated for 2 to 3 days Kati Bihu : celebrated 1 day,https://en.wikipedia.org/wiki/Bihu,Wikipedia (infobox),https://www.rbi.org.in/Scripts/HolidayMatrixDisplay.aspx,Reserve Bank of India,,,
Kojagari Lakshmi Puja,Hindu,Religious,4,1,4,1.5274,2,3,0.982,True,6.8966,2,East;North-East,Tripura;West Bengal,10,10,Post-monsoon,22.0,Lunar/Lunisolar (moving date),1.0,1,7,6.1098,0.0449,0.2857,Sharada Purnima,Hindus,,,https://en.wikipedia.org/wiki/Sharada_Purnima,Wikipedia (infobox),https://www.rbi.org.in/Scripts/HolidayMatrixDisplay.aspx,Reserve Bank of India,,,
Kumar Purnima,Hindu,Religious,1,0,5,0.7,3,4,0.8571,True,12.069,3,East;North;South,,10,10,Post-monsoon,0.0,Undetermined (1 year),1.0,1,4,3.5,0.0206,1.0,Sharada Purnima,Hindus,,,https://en.wikipedia.org/wiki/Sharada_Purnima,Wikipedia (infobox),https://www.rbi.org.in/Scripts/HolidayMatrixDisplay.aspx,Reserve Bank of India,,,
Maha Shivaratri,Hindu,Religious,4,1,4,15.5,17,17,1.0,True,58.6207,5,Central;East;North;South;West,Andhra Pradesh;Chhattisgarh;Gujarat;Himachal Pradesh;Jammu & Kashmir;Jharkhand;Karnataka;Kerala;Madhya Pradesh;Maharashtra;Odisha;Punjab-Haryana-Chandigarh;Rajasthan;Telangana;Uttar Pradesh;Uttarakhand,2,2;3,Winter,18.0,Lunar/Lunisolar (moving date),1.0,1,82,82.0,0.6029,0.0,Maha Shivaratri,Hindus,Religious,,https://en.wikipedia.org/wiki/Maha_Shivaratri,Wikipedia (infobox),https://www.rbi.org.in/Scripts/HolidayMatrixDisplay.aspx,Reserve Bank of India,,,
Maha Vishuva Sankranti (Odia New Year),Hindu,New Year,3,1,4,6.2548,2,26,0.2071,False,29.1252,6,Central;East;North;North-East;South;West,Andhra Pradesh;Odisha,4,4,Pre-monsoon,0.0,Gregorian (fixed date),1.0,1,91,28.9761,0.2131,1.0,Maha Bishuba Sankranti,Odias,"Social, Cultural, Religious",,https://en.wikipedia.org/wiki/Maha_Bishuba_Sankranti,Wikipedia (infobox),https://www.rbi.org.in/Scripts/HolidayMatrixDisplay.aspx,Reserve Bank of India,,,
Mahalaya,Hindu,Religious,3,2,3,1.6667,2,2,1.0,True,6.8966,2,East;South,Karnataka;West Bengal,10,10,Post-monsoon,12.0,Lunar/Lunisolar (moving date),1.0,1,5,5.0,0.049,0.4,Pitru Paksha,Hindus,Hindu,16 Days,https://en.wikipedia.org/wiki/Pitru_Paksha,Wikipedia (infobox),https://www.rbi.org.in/Scripts/HolidayMatrixDisplay.aspx,Reserve Bank of India,,,
Maharaja Agrasen Jayanti,Hindu,Commemoration,2,0,5,0.4448,0,2,0.0,False,4.8292,1,North,,10,9;10,Post-monsoon,7.0,Lunar/Lunisolar (moving date),1.0,1,4,2.2239,0.0131,1.0,Agrasen,,,,https://en.wikipedia.org/wiki/Agrasen,Wikipedia (infobox),https://www.rbi.org.in/Scripts/HolidayMatrixDisplay.aspx,Reserve Bank of India,,,
Makar Sankranti,Hindu,Harvest,5,1,4,2.2326,1,8,0.2841,False,11.3964,4,East;North-East;South;West,Arunachal Pradesh;Gujarat,1,1,Winter,1.0,Gregorian (fixed date),1.0,1,24,10.5597,0.0666,0.9583,Makar Sankranti,"Hindus, Buddhists, Sikhs, Jains","Religious and cultural, harvest festival",,https://en.wikipedia.org/wiki/Makar_Sankranti,Wikipedia (infobox),https://www.rbi.org.in/Scripts/HolidayMatrixDisplay.aspx,Reserve Bank of India,,,
Navratri / Durga Puja / Dussehra,Hindu,Religious,5,0,5,28.0,29,29,1.0,True,100.0,5,East;North;North-East;South;West,Andhra Pradesh;Arunachal Pradesh;Assam;Bihar;Chhattisgarh;Delhi;Goa;Gujarat;Himachal Pradesh;Jammu & Kashmir;Jharkhand;Karnataka;Kerala;Madhya Pradesh;Maharashtra;Manipur;Meghalaya;Mizoram;Nagaland;Odisha;Punjab-Haryana-Chandigarh;Rajasthan;Sikkim;Tamil Nadu;Telangana;Tripura;Uttar Pradesh;Uttarakhand;West Bengal,10,9;10,Post-monsoon,29.0,Lunar/Lunisolar (moving date),1.5944,4,287,287.0,1.6882,0.2997,Durga Puja,,,,https://en.wikipedia.org/wiki/Durga_Puja,Wikipedia (infobox),https://www.rbi.org.in/Scripts/HolidayMatrixDisplay.aspx,Reserve Bank of India,48000.0,2025.0,https://thefederal.com/category/states/east/west-bengal/durga-puja-festivities-economy-rebounds-up-to-by-fifteen-per-cent-209324
Nuakhai,Hindu,Harvest,4,1,4,1.0,1,1,1.0,True,3.4483,1,East,Odisha,9,8;9,Monsoon,23.0,Lunar/Lunisolar (moving date),1.0,1,4,4.0,0.0294,0.75,Nuakhai,,Regional Festival/ Indian festival,,https://en.wikipedia.org/wiki/Nuakhai,Wikipedia (infobox),https://www.rbi.org.in/Scripts/HolidayMatrixDisplay.aspx,Reserve Bank of India,,,
Parshuram Jayanti,Hindu,Commemoration,2,0,5,0.4,1,1,1.0,True,3.4483,1,North,Himachal Pradesh,4,4;5,Pre-monsoon,4.0,Lunar/Lunisolar (moving date),1.0,1,2,2.0,0.0118,0.5,Parashurama Jayanti,"Hindus, especially Vaishnavas",,,https://en.wikipedia.org/wiki/Parashurama_Jayanti,Wikipedia (infobox),https://www.rbi.org.in/Scripts/HolidayMatrixDisplay.aspx,Reserve Bank of India,,,
Pongal,Hindu,Harvest,5,1,4,2.4048,2,6,0.8665,True,9.4284,1,South,Andhra Pradesh;Tamil Nadu,1,1,Winter,2.0,Lunar/Lunisolar (moving date),2.125,3,30,19.6193,0.1296,0.7333,Pongal (festival),"Primarily Tamil Hindus in India, Sri Lanka, Malaysia, United States, Indonesia, Mauritius, Singapore, UK, South Africa, Canada, Australia, Gulf countries",Hindu,,https://en.wikipedia.org/wiki/Pongal_(festival),Wikipedia (infobox),https://www.rbi.org.in/Scripts/HolidayMatrixDisplay.aspx,Reserve Bank of India,,,
Raja Sankranti,Hindu,Seasonal,4,1,4,1.5,1,2,0.6667,True,5.1724,2,East;North-East,Odisha,6,6,Monsoon,0.0,Gregorian (fixed date),1.0,1,8,6.0,0.0441,1.0,Raja (festival),,,,https://en.wikipedia.org/wiki/Raja_(festival),Wikipedia (infobox),https://www.rbi.org.in/Scripts/HolidayMatrixDisplay.aspx,Reserve Bank of India,,,
Raksha Bandhan,Hindu,Religious,5,0,5,6.4,7,7,1.0,True,24.1379,4,Central;East;North;West,Gujarat;Himachal Pradesh;Madhya Pradesh;Odisha;Rajasthan;Uttar Pradesh;Uttarakhand,8,8,Monsoon,21.0,Lunar/Lunisolar (moving date),1.0,1,37,37.0,0.2176,0.4865,Raksha Bandhan,Hindus,"Religious, cultural",,https://en.wikipedia.org/wiki/Raksha_Bandhan,Wikipedia (infobox),https://www.rbi.org.in/Scripts/HolidayMatrixDisplay.aspx,Reserve Bank of India,30000.0,2026.0,https://www.outlookbusiness.com/industry/rakhi-trade-likely-to-exceed-over-30000-cr-caits-khandelwal
Ram Navami,Hindu,Religious,3,2,3,14.6667,17,17,1.0,True,55.1724,6,Central;East;North;North-East;South;West,Andhra Pradesh;Bihar;Gujarat;Himachal Pradesh;Jharkhand;Madhya Pradesh;Maharashtra;Odisha;Punjab-Haryana-Chandigarh;Rajasthan;Sikkim;Telangana;Uttar Pradesh;Uttarakhand,3,3;4,Pre-monsoon,22.0,Lunar/Lunisolar (moving date),1.0,1,53,53.0,0.5196,0.0,Rama Navami,,Hindu,1 Day,https://en.wikipedia.org/wiki/Rama_Navami,Wikipedia (infobox),https://www.rbi.org.in/Scripts/HolidayMatrixDisplay.aspx,Reserve Bank of India,,,
Rath Yatra,Hindu,Religious,5,0,5,2.0,2,2,1.0,True,6.8966,2,East;North-East,Manipur;Odisha,7,6;7,Monsoon,26.0,Lunar/Lunisolar (moving date),1.0,1,10,10.0,0.0588,0.2,Ratha Yatra (Puri),Hindu,Religious,"1 week, 2 days",https://en.wikipedia.org/wiki/Ratha_Yatra_(Puri),Wikipedia (infobox),https://www.rbi.org.in/Scripts/HolidayMatrixDisplay.aspx,Reserve Bank of India,,,
Sant Kabir Jayanti,Hindu,Commemoration,3,2,3,1.0,2,2,1.0,True,3.4483,1,North,Himachal Pradesh,6,6,Monsoon,18.0,Lunar/Lunisolar (moving date),1.0,1,3,3.0,0.0294,0.3333,Kabir,,,,https://en.wikipedia.org/wiki/Kabir,Wikipedia (infobox),https://www.rbi.org.in/Scripts/HolidayMatrixDisplay.aspx,Reserve Bank of India,,,
Sant Ravidas Jayanti,Hindu,Commemoration,2,0,5,0.3674,1,4,0.4837,False,3.4483,2,North;North-East,,2,2,Winter,4.0,Lunar/Lunisolar (moving date),1.0,1,5,2.0676,0.0122,0.8,Guru Ravidass Jayanti,Ravidassias,"Religious, cultural",,https://en.wikipedia.org/wiki/Guru_Ravidass_Jayanti,Wikipedia (infobox),https://www.rbi.org.in/Scripts/HolidayMatrixDisplay.aspx,Reserve Bank of India,,,
Saraswati Puja / Vasant Panchami,Hindu,Religious,5,1,4,3.0,3,3,1.0,True,10.3448,2,East;North-East,Odisha;Tripura;West Bengal,2,1;2,Winter,22.0,Lunar/Lunisolar (moving date),1.0,1,13,13.0,0.0882,0.4615,Vasant Panchami,"Hindus in India, Nepal, Bangladesh, Java and Bali (Indonesia and many other countries)","Cultural, religious",,https://en.wikipedia.org/wiki/Vasant_Panchami,Wikipedia (infobox),https://www.rbi.org.in/Scripts/HolidayMatrixDisplay.aspx,Reserve Bank of India,,,
Sree Narayana Guru Jayanti / Samadhi,Hindu,Commemoration,4,1,4,1.0,1,1,1.0,True,3.4483,1,South,Kerala,9,8;9,Monsoon,21.0,Lunar/Lunisolar (moving date),1.0,1,16,16.0,0.1176,0.375,Narayana Guru,,,,https://en.wikipedia.org/wiki/Narayana_Guru,Wikipedia (infobox),https://www.rbi.org.in/Scripts/HolidayMatrixDisplay.aspx,Reserve Bank of India,,,
Srimanta Sankardeva Tithi / Janmotsav,Hindu,Commemoration,5,0,5,1.0201,1,2,0.9803,True,3.7945,1,North-East,Assam,9,8;9;10,Monsoon,25.0,Lunar/Lunisolar (moving date),1.1111,2,12,10.2008,0.06,0.5833,Sankardev,,,,https://en.wikipedia.org/wiki/Sankardev,Wikipedia (infobox),https://www.rbi.org.in/Scripts/HolidayMatrixDisplay.aspx,Reserve Bank of India,,,
Tamil New Year (Puthandu),Hindu,New Year,4,1,4,7.6315,1,26,0.1111,False,28.3155,6,Central;East;North;North-East;South;West,Tamil Nadu,4,4,Pre-monsoon,0.0,Gregorian (fixed date),1.0,1,119,36.0047,0.2647,1.0,Puthandu,"Tamils in India, Sri Lanka, Mauritius, Reunion, Malaysia, Singapore, South Africa","Cultural, Social, Religious",,https://en.wikipedia.org/wiki/Puthandu,Wikipedia (infobox),https://www.rbi.org.in/Scripts/HolidayMatrixDisplay.aspx,Reserve Bank of India,,,
Thaipusam,Hindu,Religious,3,2,3,1.0606,1,2,0.9429,True,4.0752,2,Central;South,Tamil Nadu,1,1;2,Winter,24.0,Lunar/Lunisolar (moving date),1.0,1,4,3.1818,0.0312,0.75,Thaipusam,"Primarily Tamil Hindus in India, Sri Lanka, Malaysia, Singapore, Indonesia, Southeast Asia, Caribbean, Mauritius, Fiji, South Africa and United States",Hindu,,https://en.wikipedia.org/wiki/Thaipusam,Wikipedia (infobox),https://www.rbi.org.in/Scripts/HolidayMatrixDisplay.aspx,Reserve Bank of India,,,
Valmiki Jayanti,Hindu,Commemoration,3,2,3,1.3857,1,3,0.4811,False,6.4714,2,North;South,Himachal Pradesh,10,10,Post-monsoon,19.0,Lunar/Lunisolar (moving date),1.0,1,5,4.1572,0.0408,1.0,Pargat Diwas,Nepal and India,Religious,,https://en.wikipedia.org/wiki/Pargat_Diwas,Wikipedia (infobox),https://www.rbi.org.in/Scripts/HolidayMatrixDisplay.aspx,Reserve Bank of India,,,
Vikram Samvat New Year,Hindu,New Year,5,0,5,2.5959,1,5,0.269,False,9.1378,3,North-East;South;West,Gujarat;Karnataka;Maharashtra,11,10;11,Post-monsoon,23.0,Lunar/Lunisolar (moving date),1.0,1,34,18.584,0.1093,1.0,Vikram Samvat,,,,https://en.wikipedia.org/wiki/Vikram_Samvat,Wikipedia (infobox),https://www.rbi.org.in/Scripts/HolidayMatrixDisplay.aspx,Reserve Bank of India,,,
Vishu,Hindu,New Year,4,0,5,1.6806,1,5,0.645,True,8.1391,3,East;North-East;South,Kerala,4,4,Pre-monsoon,1.0,Gregorian (fixed date),1.0,1,23,12.4028,0.073,1.0,Vishu,Malayalis,"cultural, seasonal",,https://en.wikipedia.org/wiki/Vishu,Wikipedia (infobox),https://www.rbi.org.in/Scripts/HolidayMatrixDisplay.aspx,Reserve Bank of India,,,
Vishwakarma Day,Hindu,Religious,1,0,5,0.791,0,7,0.0,False,13.6383,3,Central;North;North-East,,11,11,Post-monsoon,0.0,Undetermined (1 year),1.0,1,8,4.3948,0.0259,1.0,Vishvakarma Puja,Hindus,,1 Day,https://en.wikipedia.org/wiki/Vishvakarma_Puja,Wikipedia (infobox),https://www.rbi.org.in/Scripts/HolidayMatrixDisplay.aspx,Reserve Bank of India,,,
Mahavir Jayanti,Jain,Religious,4,1,4,12.75,14,14,1.0,True,48.2759,5,Central;East;North;South;West,Bihar;Chhattisgarh;Delhi;Gujarat;Jharkhand;Karnataka;Madhya Pradesh;Maharashtra;Mizoram;Punjab-Haryana-Chandigarh;Rajasthan;Tamil Nadu;Uttar Pradesh;West Bengal,4,3;4,Pre-monsoon,15.0,Lunar/Lunisolar (moving date),1.0,1,63,63.0,0.4632,0.2698,Mahavira Janma Kalyanaka,Jains,"Religious, India (national holiday)",,https://en.wikipedia.org/wiki/Mahavira_Janma_Kalyanaka,Wikipedia (infobox),https://www.rbi.org.in/Scripts/HolidayMatrixDisplay.aspx,Reserve Bank of India,,,
Samvatsari (Paryushan),Jain,Religious,5,0,5,1.951,0,5,0.0,False,8.0525,3,East;South;West,Gujarat;Odisha,9,8;9,Monsoon,23.0,Lunar/Lunisolar (moving date),1.0,1,29,11.6943,0.0688,1.0,Samvatsari,Śvetāmbara sect of Jains worldwide,Jain,,https://en.wikipedia.org/wiki/Samvatsari,Wikipedia (infobox),https://www.rbi.org.in/Scripts/HolidayMatrixDisplay.aspx,Reserve Bank of India,,,
Birthday of Hazrat Ali,Muslim,Commemoration,4,1,4,1.0,1,1,1.0,True,3.4483,1,North,Uttar Pradesh,1,1;2,Winter,43.0,Lunar/Lunisolar (moving date),1.0,1,8,8.0,0.0588,0.75,Ali,,,,https://en.wikipedia.org/wiki/Ali,Wikipedia (infobox),https://www.rbi.org.in/Scripts/HolidayMatrixDisplay.aspx,Reserve Bank of India,,,
Eid-ul-Adha (Bakrid),Muslim,Religious,5,1,4,26.25,27,27,1.0,True,93.1034,6,Central;East;North;North-East;South;West,Andhra Pradesh;Assam;Bihar;Chhattisgarh;Delhi;Goa;Gujarat;Himachal Pradesh;Jammu & Kashmir;Jharkhand;Karnataka;Kerala;Madhya Pradesh;Maharashtra;Manipur;Meghalaya;Mizoram;Nagaland;Odisha;Punjab-Haryana-Chandigarh;Rajasthan;Tamil Nadu;Telangana;Tripura;Uttar Pradesh;Uttarakhand;West Bengal,6,5;6;7,Monsoon,43.0,Lunar/Lunisolar (moving date),1.0775,2,139,139.0,0.9926,0.0288,Eid al-Adha,Muslims,Islamic,4 days,https://en.wikipedia.org/wiki/Eid_al-Adha,Wikipedia (infobox),https://www.rbi.org.in/Scripts/HolidayMatrixDisplay.aspx,Reserve Bank of India,,,
Eid-ul-Fitr,Muslim,Religious,5,0,5,25.8,28,28,1.0,True,96.5517,6,Central;East;North;North-East;South;West,Andhra Pradesh;Arunachal Pradesh;Assam;Bihar;Chhattisgarh;Delhi;Goa;Gujarat;Jammu & Kashmir;Jharkhand;Karnataka;Kerala;Madhya Pradesh;Maharashtra;Manipur;Meghalaya;Mizoram;Nagaland;Odisha;Punjab-Haryana-Chandigarh;Rajasthan;Sikkim;Tamil Nadu;Telangana;Tripura;Uttar Pradesh;Uttarakhand;West Bengal,3,3;4;5,Pre-monsoon,43.0,Lunar/Lunisolar (moving date),1.0325,2,159,159.0,0.9353,0.4151,Eid al-Fitr,Muslims,Islamic,,https://en.wikipedia.org/wiki/Eid_al-Fitr,Wikipedia (infobox),https://www.rbi.org.in/Scripts/HolidayMatrixDisplay.aspx,Reserve Bank of India,,,
Jumat-ul-Vida,Muslim,Religious,5,0,5,1.0,1,1,1.0,True,3.4483,1,North,Jammu & Kashmir,4,3;4,Pre-monsoon,47.0,Lunar/Lunisolar (moving date),1.0,1,10,10.0,0.0588,0.8,Jumu'atul-Wida,Muslims,,,https://en.wikipedia.org/wiki/Jumu'atul-Wida,Wikipedia (infobox),https://www.rbi.org.in/Scripts/HolidayMatrixDisplay.aspx,Reserve Bank of India,,,
Milad-un-Nabi,Muslim,Religious,5,1,4,15.0938,16,17,0.9698,True,55.1724,5,Central;North;North-East;South;West,Andhra Pradesh;Chhattisgarh;Delhi;Gujarat;Jammu & Kashmir;Jharkhand;Karnataka;Kerala;Madhya Pradesh;Maharashtra;Manipur;Mizoram;Tamil Nadu;Telangana;Uttar Pradesh;Uttarakhand,9,8;9;10,Monsoon,44.0,Lunar/Lunisolar (moving date),1.0404,2,105,103.1187,0.7068,0.5714,Mawlid,Mainstream Sunni Muslims and Shia Muslims,Islamic,,https://en.wikipedia.org/wiki/Mawlid,Wikipedia (infobox),https://www.rbi.org.in/Scripts/HolidayMatrixDisplay.aspx,Reserve Bank of India,,,
Muharram / Ashura,Muslim,Religious,4,1,4,16.25,18,18,1.0,True,58.6207,6,Central;East;North;North-East;South;West,Andhra Pradesh;Bihar;Chhattisgarh;Delhi;Himachal Pradesh;Jammu & Kashmir;Jharkhand;Karnataka;Madhya Pradesh;Maharashtra;Mizoram;Rajasthan;Tamil Nadu;Telangana;Tripura;Uttar Pradesh;West Bengal,7,6;7;8,Monsoon,44.0,Lunar/Lunisolar (moving date),1.0,1,81,81.0,0.5956,0.2593,Ashura,,Islamic ( Shia and Sunni ),One day,https://en.wikipedia.org/wiki/Ashura,Wikipedia (infobox),https://www.rbi.org.in/Scripts/HolidayMatrixDisplay.aspx,Reserve Bank of India,,,
Shab-e-Qadr,Muslim,Religious,4,1,4,1.0,1,1,1.0,True,3.4483,1,North,Jammu & Kashmir,3,3;4,Pre-monsoon,43.0,Lunar/Lunisolar (moving date),1.0,1,8,8.0,0.0588,0.25,Night of Power,Muslims,,,https://en.wikipedia.org/wiki/Night_of_Power,Wikipedia (infobox),https://www.rbi.org.in/Scripts/HolidayMatrixDisplay.aspx,Reserve Bank of India,,,
"Parsi New Year (Navroz, Shahenshahi)",Parsi,New Year,5,0,5,1.0,1,1,1.0,True,3.4483,1,West,Maharashtra,8,8,Monsoon,1.0,Gregorian (fixed date),1.0,1,15,15.0,0.0882,0.6,Nowruz,Iranian peoples and diaspora (originally) Various ethnic groups from Persianate societies (currently) Current countries: Afghanistan Albania Armenia Australia Azerbaijan Bahrain Bangladesh Canada Chin,Cultural,,https://en.wikipedia.org/wiki/Nowruz,Wikipedia (infobox),https://www.rbi.org.in/Scripts/HolidayMatrixDisplay.aspx,Reserve Bank of India,,,
Baisakhi (Vaisakhi),Sikh,Harvest,4,1,4,1.3485,1,6,0.4136,False,6.4659,2,North;North-East,Punjab-Haryana-Chandigarh,4,4,Pre-monsoon,1.0,Gregorian (fixed date),1.0,1,26,7.2529,0.0436,1.0,Vaisakhi,"Indians, Punjabis, Sikhs",Religious and harvest festival,2 days,https://en.wikipedia.org/wiki/Vaisakhi,Wikipedia (infobox),https://www.rbi.org.in/Scripts/HolidayMatrixDisplay.aspx,Reserve Bank of India,,,
Guru Gobind Singh Jayanti,Sikh,Religious,3,2,3,1.0,1,1,1.0,True,3.4483,1,North,Punjab-Haryana-Chandigarh,1,1;12,Winter,357.0,Lunar/Lunisolar (moving date),1.0,1,3,3.0,0.0294,0.3333,Guru Gobind Singh,,,,https://en.wikipedia.org/wiki/Guru_Gobind_Singh,Wikipedia (infobox),https://www.rbi.org.in/Scripts/HolidayMatrixDisplay.aspx,Reserve Bank of India,,,
Guru Hargobind Jayanti,Sikh,Commemoration,4,1,4,1.0,1,1,1.0,True,3.4483,1,North,Jammu & Kashmir,6,6;7,Monsoon,20.0,Lunar/Lunisolar (moving date),1.0,1,8,8.0,0.0588,0.25,Guru Hargobind,,,,https://en.wikipedia.org/wiki/Guru_Hargobind,Wikipedia (infobox),https://www.rbi.org.in/Scripts/HolidayMatrixDisplay.aspx,Reserve Bank of India,,,
Guru Nanak Jayanti (Gurpurab),Sikh,Religious,5,0,5,15.9,15,18,0.9548,True,56.8966,6,Central;East;North;North-East;South;West,Chhattisgarh;Delhi;Himachal Pradesh;Jammu & Kashmir;Jharkhand;Madhya Pradesh;Maharashtra;Mizoram;Odisha;Punjab-Haryana-Chandigarh;Rajasthan;Telangana;Uttar Pradesh;Uttarakhand;West Bengal,11,11,Post-monsoon,22.0,Lunar/Lunisolar (moving date),1.0,1,104,99.5,0.5853,1.0,Guru Nanak Gurpurab,"Sikhs, Nanakpanthi and many non-Sikhs","Religious, cultural, international",,https://en.wikipedia.org/wiki/Guru_Nanak_Gurpurab,Wikipedia (infobox),https://www.rbi.org.in/Scripts/HolidayMatrixDisplay.aspx,Reserve Bank of India,,,
Martyrdom Day of Guru Arjan Dev,Sikh,Commemoration,2,0,5,0.4,1,1,1.0,True,3.4483,1,North,Punjab-Haryana-Chandigarh,6,6,Monsoon,7.0,Lunar/Lunisolar (moving date),1.0,1,2,2.0,0.0118,0.0,Guru Arjan,,,,https://en.wikipedia.org/wiki/Guru_Arjan,Wikipedia (infobox),https://www.rbi.org.in/Scripts/HolidayMatrixDisplay.aspx,Reserve Bank of India,,,
Behdienkhlam,Tribal/Indigenous,Religious,4,1,4,1.0,1,1,1.0,True,3.4483,1,North-East,Meghalaya,7,7,Monsoon,11.0,Lunar/Lunisolar (moving date),1.0,1,4,4.0,0.0294,0.25,Behdienkhlam,Niamtre followers of Pnar people of Meghalaya,,,https://en.wikipedia.org/wiki/Behdienkhlam,Wikipedia (infobox),https://www.rbi.org.in/Scripts/HolidayMatrixDisplay.aspx,Reserve Bank of India,,,
Biju / Buisu,Tribal/Indigenous,New Year,5,1,4,2.6264,2,7,0.6762,True,9.3554,2,North;North-East,Mizoram;Tripura,4,4,Pre-monsoon,1.0,Gregorian (fixed date),1.0,1,32,13.3091,0.0826,1.0,Biju festival,Chakma people,,,https://en.wikipedia.org/wiki/Biju_festival,Wikipedia (infobox),https://www.rbi.org.in/Scripts/HolidayMatrixDisplay.aspx,Reserve Bank of India,,,
Chapchar Kut,Tribal/Indigenous,Seasonal,5,0,5,1.0,1,1,1.0,True,3.4483,1,North-East,Mizoram,3,3,Pre-monsoon,12.0,Lunar/Lunisolar (moving date),1.0,1,5,5.0,0.0294,0.2,Chapchar Kut,Mizo people all around the world,Cultural,,https://en.wikipedia.org/wiki/Chapchar_Kut,Wikipedia (infobox),https://www.rbi.org.in/Scripts/HolidayMatrixDisplay.aspx,Reserve Bank of India,,,
Cheiraoba (Meitei New Year),Tribal/Indigenous,New Year,5,0,5,2.7342,1,10,0.3204,False,10.6547,4,North;North-East;South;West,Manipur,4,3;4,Pre-monsoon,26.0,Lunar/Lunisolar (moving date),1.0,1,87,28.089,0.1652,1.0,Sajibu Nongma Panba,Meitei people,Asian,,https://en.wikipedia.org/wiki/Sajibu_Nongma_Panba,Wikipedia (infobox),https://www.rbi.org.in/Scripts/HolidayMatrixDisplay.aspx,Reserve Bank of India,,,
Gaan-Ngai,Tribal/Indigenous,Religious,4,1,4,1.1283,1,5,0.8863,True,4.3049,1,North-East,Manipur,1,1,Winter,22.0,Lunar/Lunisolar (moving date),1.0,1,8,4.5133,0.0332,0.875,Gaan-Ngai,Kabui,,Several days,https://en.wikipedia.org/wiki/Gaan-Ngai,Wikipedia (infobox),https://www.rbi.org.in/Scripts/HolidayMatrixDisplay.aspx,Reserve Bank of India,,,
Garia Puja,Tribal/Indigenous,Religious,5,1,4,1.0,1,1,1.0,True,3.4483,1,North-East,Tripura,4,4,Pre-monsoon,1.0,Gregorian (fixed date),1.0,1,5,5.0,0.0294,0.4,Garia puja,,,,https://en.wikipedia.org/wiki/Garia_puja,Wikipedia (infobox),https://www.rbi.org.in/Scripts/HolidayMatrixDisplay.aspx,Reserve Bank of India,,,
Imoinu Iratpa,Tribal/Indigenous,Religious,4,1,4,1.0339,1,2,0.9736,True,3.9159,1,North-East,Manipur,1,1;12,Winter,19.0,Lunar/Lunisolar (moving date),1.0,1,6,5.1356,0.0378,0.8333,Imoinu Iratpa,Meitei people,Religious,,https://en.wikipedia.org/wiki/Imoinu_Iratpa,Wikipedia (infobox),https://www.rbi.org.in/Scripts/HolidayMatrixDisplay.aspx,Reserve Bank of India,,,
Indigenous Faith Day (Arunachal),Tribal/Indigenous,Commemoration,3,1,4,1.114,1,2,0.6733,True,5.1217,1,North-East,Nagaland,12,12,Post-monsoon,0.0,Gregorian (fixed date),1.0,1,6,4.4559,0.0328,1.0,Donyi-Polo,,New religious movement,,https://en.wikipedia.org/wiki/Donyi-Polo,Wikipedia (infobox),https://www.rbi.org.in/Scripts/HolidayMatrixDisplay.aspx,Reserve Bank of India,,,
Karma Puja,Tribal/Indigenous,Harvest,5,0,5,1.0,1,1,1.0,True,3.4483,1,East,Jharkhand,9,9,Monsoon,22.0,Lunar/Lunisolar (moving date),1.0,1,5,5.0,0.0294,0.4,Karam festival,,Regional Festival/ Indian festival,,https://en.wikipedia.org/wiki/Karam_festival,Wikipedia (infobox),https://www.rbi.org.in/Scripts/HolidayMatrixDisplay.aspx,Reserve Bank of India,,,
Ker Puja,Tribal/Indigenous,Religious,5,0,5,1.0,1,1,1.0,True,3.4483,1,North-East,Tripura,7,7;8,Monsoon,24.0,Lunar/Lunisolar (moving date),1.0,1,5,5.0,0.0294,0.0,Ker puja,,,,https://en.wikipedia.org/wiki/Ker_puja,Wikipedia (infobox),https://www.rbi.org.in/Scripts/HolidayMatrixDisplay.aspx,Reserve Bank of India,,,
Kharchi Puja,Tribal/Indigenous,Religious,5,0,5,1.0,1,1,1.0,True,3.4483,1,North-East,Tripura,7,6;7,Monsoon,26.0,Lunar/Lunisolar (moving date),1.0,1,5,5.0,0.0294,0.0,Kharchi puja,,Hindu Festival,,https://en.wikipedia.org/wiki/Kharchi_puja,Wikipedia (infobox),https://www.rbi.org.in/Scripts/HolidayMatrixDisplay.aspx,Reserve Bank of India,,,
Kut (Chin-Kuki-Mizo),Tribal/Indigenous,Harvest,3,1,4,1.0079,1,2,0.7441,True,4.7414,2,North-East;South,Manipur,11,11,Post-monsoon,0.0,Gregorian (fixed date),1.0,1,6,4.0318,0.0296,1.0,,Kuki-Chin-Mizo tribes,Cultural,,https://dtahills.mn.gov.in/kut/,"Dept. of Tribal Affairs & Hills, Govt. of Manipur",https://www.rbi.org.in/Scripts/HolidayMatrixDisplay.aspx,Reserve Bank of India,,,
Lui-Ngai-Ni,Tribal/Indigenous,Seasonal,4,1,4,1.0,1,1,1.0,True,3.4483,1,North-East,Manipur,2,2,Winter,0.0,Gregorian (fixed date),1.0,1,4,4.0,0.0294,0.25,Lui Ngai Ni,,Naga cultural festival,,https://en.wikipedia.org/wiki/Lui_Ngai_Ni,Wikipedia (infobox),https://www.rbi.org.in/Scripts/HolidayMatrixDisplay.aspx,Reserve Bank of India,,,
Mera Chaoren Houba,Tribal/Indigenous,Religious,1,0,5,0.3647,1,3,0.5484,True,6.2876,2,North;North-East,,9,9,Monsoon,0.0,Undetermined (1 year),1.0,1,3,1.8234,0.0107,1.0,Meitei festivals,,,,https://en.wikipedia.org/wiki/Meitei_festivals,Wikipedia (infobox),https://www.rbi.org.in/Scripts/HolidayMatrixDisplay.aspx,Reserve Bank of India,,,
Ningol Chakkouba,Tribal/Indigenous,Cultural,4,1,4,1.7189,1,4,0.494,False,6.0713,3,East;North;North-East,Manipur,11,10;11,Post-monsoon,23.0,Lunar/Lunisolar (moving date),1.0,1,19,8.0971,0.0595,1.0,Ningol Chakkouba,Meiteis,Meitei people,,https://en.wikipedia.org/wiki/Ningol_Chakkouba,Wikipedia (infobox),https://www.rbi.org.in/Scripts/HolidayMatrixDisplay.aspx,Reserve Bank of India,,,
Nongkrem Dance,Tribal/Indigenous,Religious,3,2,3,1.0833,1,2,0.9231,True,4.3103,2,East;North-East,Meghalaya,11,11,Post-monsoon,10.0,Lunar/Lunisolar (moving date),1.0,1,4,3.25,0.0319,0.75,,Khasi people,,,https://utsav.gov.in/view-event/nongkrem-dance,Ministry of Tourism (Utsav portal),https://www.rbi.org.in/Scripts/HolidayMatrixDisplay.aspx,Reserve Bank of India,,,
Nyokum,Tribal/Indigenous,Religious,1,0,5,0.2,1,1,1.0,True,3.4483,1,North-East,,2,2,Winter,0.0,Undetermined (1 year),1.0,1,1,1.0,0.0059,0.0,Nyokum,,,,https://en.wikipedia.org/wiki/Nyokum,Wikipedia (infobox),https://www.rbi.org.in/Scripts/HolidayMatrixDisplay.aspx,Reserve Bank of India,,,
Sarhul,Tribal/Indigenous,Seasonal,4,1,4,1.0,1,1,1.0,True,3.4483,1,East,Jharkhand,3,3;4,Pre-monsoon,14.0,Lunar/Lunisolar (moving date),1.0,1,4,4.0,0.0294,0.5,Sarhul,,,,https://en.wikipedia.org/wiki/Sarhul,Wikipedia (infobox),https://www.rbi.org.in/Scripts/HolidayMatrixDisplay.aspx,Reserve Bank of India,,,
Seng Kut Snem,Tribal/Indigenous,Religious,4,1,4,1.0,1,1,1.0,True,3.4483,1,North-East,Meghalaya,11,11,Post-monsoon,0.0,Gregorian (fixed date),1.0,1,4,4.0,0.0294,0.25,Seng Khasi,,,,https://en.wikipedia.org/wiki/Seng_Khasi,Wikipedia (infobox),https://www.rbi.org.in/Scripts/HolidayMatrixDisplay.aspx,Reserve Bank of India,,,
Shad Suk Mynsiem,Tribal/Indigenous,Seasonal,4,1,4,1.0,1,1,1.0,True,3.4483,1,North-East,Meghalaya,4,4,Pre-monsoon,8.0,Lunar/Lunisolar (moving date),1.0,1,4,4.0,0.0294,0.25,,Khasi people,,,http://megtourism.gov.in/festival.html,"Dept. of Tourism, Govt. of Meghalaya",https://www.rbi.org.in/Scripts/HolidayMatrixDisplay.aspx,Reserve Bank of India,,,
Tendong Lho Rum Faat,Tribal/Indigenous,Religious,4,0,5,0.8,1,1,1.0,True,3.4483,1,North-East,Sikkim,8,8,Monsoon,0.0,Gregorian (fixed date),1.0,1,4,4.0,0.0235,0.0,Tendong Lho Rumfaat,,,,https://en.wikipedia.org/wiki/Tendong_Lho_Rumfaat,Wikipedia (infobox),https://www.rbi.org.in/Scripts/HolidayMatrixDisplay.aspx,Reserve Bank of India,,,
Wangala,Tribal/Indigenous,Harvest,5,0,5,1.0,1,1,1.0,True,3.4483,1,North-East,Meghalaya,11,11,Post-monsoon,6.0,Lunar/Lunisolar (moving date),1.0,1,5,5.0,0.0294,0.4,Wangala,Garo people,"Seasonal, traditional",,https://en.wikipedia.org/wiki/Wangala,Wikipedia (infobox),https://www.rbi.org.in/Scripts/HolidayMatrixDisplay.aspx,Reserve Bank of India,,,
Yaosang,Tribal/Indigenous,Religious/Seasonal,5,0,5,2.5673,1,6,0.3895,False,11.2339,2,East;North-East,Manipur;Odisha,3,3,Pre-monsoon,22.0,Lunar/Lunisolar (moving date),1.0,1,23,12.8366,0.0755,1.0,Yaosang,Meitei people,"Religious, cultural, sports, spring festival",,https://en.wikipedia.org/wiki/Yaosang,Wikipedia (infobox),https://www.rbi.org.in/Scripts/HolidayMatrixDisplay.aspx,Reserve Bank of India,,,
