state,hol_days_hindu,hol_days_muslim,hol_days_christian,hol_days_sikh,hol_days_buddhist,hol_days_jain,hol_days_parsi,hol_days_tribal_indigenous,hol_days_cultural_multifaith,hol_days_total_festival,hol_share_hindu,hol_share_muslim,hol_share_christian,hol_share_sikh,hol_share_buddhist,hol_share_jain,hol_share_parsi,hol_share_tribal_indigenous,hol_share_cultural_multifaith,holiday_diversity_shannon,n_distinct_festivals,n_rbi_offices,region,census_pct_hindu,census_pct_muslim,census_pct_christian,census_pct_sikh,census_pct_buddhist,census_pct_jain,census_pct_other,pop_total,census_source_url,population_diversity_shannon
Andhra Pradesh,7.4048,3.0833,2.0,0.0476,0.0833,0.2222,0.4444,0.5794,0.623,14.4881,51.1093,21.2818,13.8044,0.3287,0.5752,1.5338,3.0677,3.9989,4.3002,1.4292,36,1,South,88.4647,9.5558,1.3357,0.0476,0.0434,0.0637,0.0113,84580777.0,https://censusindia.gov.in/nada/index.php/catalog/11361,0.4031615871448758
Arunachal Pradesh,4.6548,0.9167,2.0,0.5476,0.9167,0.0,0.4444,1.3571,0.7341,11.5714,40.2263,7.9218,17.284,4.7325,7.9218,0.0,3.8409,11.7284,6.3443,1.7673,31,1,North-East,29.043,1.9545,30.2612,0.2375,11.7664,0.0557,26.2012,1383727.0,https://censusindia.gov.in/nada/index.php/catalog/11361,1.4189557039504088
Assam,8.4881,1.9167,1.0,0.131,0.0833,0.0,0.4444,0.9127,1.7063,14.6825,57.8108,13.0541,6.8108,0.8919,0.5676,0.0,3.027,6.2162,11.6216,1.3657,31,1,North-East,61.4658,34.2226,3.7361,0.0662,0.1762,0.0832,0.0869,31205576.0,https://censusindia.gov.in/nada/index.php/catalog/11361,0.8169657954865597
Bihar,7.5714,2.5,2.0,0.0476,0.0833,0.3333,0.4444,1.1905,0.2619,14.4325,52.4608,17.322,13.8576,0.3299,0.5774,2.3096,3.0795,8.2486,1.8147,1.4374,30,1,East,82.6889,16.8664,0.1242,0.0228,0.0245,0.0182,0.0129,104099452.0,https://censusindia.gov.in/nada/index.php/catalog/11361,0.4723569845625373
Chhattisgarh,5.8873,3.0667,2.0,0.5,0.8167,0.6667,0.4444,0.5397,0.381,14.3024,41.1631,21.4417,13.9837,3.4959,5.71,4.6612,3.1075,3.7734,2.6636,1.7224,33,1,Central,93.2457,2.016,1.9203,0.2742,0.2759,0.2408,1.9362,25545198.0,https://censusindia.gov.in/nada/index.php/catalog/11361,0.3431417904093075
Delhi,3.2381,3.0,2.0,0.5476,0.75,0.6667,0.4444,0.5238,0.4286,11.5992,27.9165,25.8638,17.2426,4.7212,6.466,5.7475,3.8317,4.5159,3.6948,1.8812,27,1,North,81.6783,12.8585,0.8702,3.3988,0.1099,0.9902,0.0131,16787941.0,https://censusindia.gov.in/nada/index.php/catalog/11361,0.6396309638527307
Goa,4.6825,1.8333,3.0,0.0476,0.0833,0.3333,0.4444,0.746,0.0952,11.2659,41.5639,16.2733,26.6291,0.4227,0.7397,2.9588,3.9451,6.6221,0.8454,1.5239,30,1,West,66.0848,8.3346,25.1024,0.101,0.0751,0.076,0.0177,1458545.0,https://censusindia.gov.in/nada/index.php/catalog/11361,0.8471626176467774
Gujarat,7.5937,2.15,2.0,0.0476,0.0667,1.0,0.4444,0.6349,0.5119,14.4492,52.5541,14.8797,13.8416,0.3296,0.4614,6.9208,3.0759,4.3942,3.5428,1.4865,39,1,West,88.5742,9.6737,0.5231,0.0964,0.0504,0.9591,0.0273,60439692.0,https://censusindia.gov.in/nada/index.php/catalog/11361,0.41823049990741706
Himachal Pradesh,8.8119,1.2333,1.3333,0.5476,0.9833,0.0,0.4444,0.7619,0.5476,14.6635,60.0942,8.4109,9.0929,3.7346,6.706,0.0,3.031,5.1959,3.7346,1.4187,42,1,North,95.166,2.1834,0.1842,1.1639,1.1459,0.0263,0.0125,6864602.0,https://censusindia.gov.in/nada/index.php/catalog/11361,0.24858519512687927
Jammu & Kashmir,5.3992,5.7333,1.0,1.2976,0.8167,0.0,0.4444,1.1071,0.5119,16.3103,33.103,35.1516,6.1311,7.9558,5.0071,0.0,2.7249,6.788,3.1385,1.6454,38,2,North,28.4394,68.3142,0.2841,1.8726,0.8977,0.0199,0.012,12541302.0,https://censusindia.gov.in/nada/index.php/catalog/11361,0.7541447397565888
Jharkhand,9.2381,3.0,2.0,0.5476,0.75,0.6667,0.4444,1.8571,0.5952,19.0992,48.369,15.7075,10.4716,2.8672,3.9269,3.4905,2.327,9.7237,3.1166,1.6467,33,1,East,67.8306,14.5325,4.3004,0.2165,0.0271,0.0454,12.8403,32988134.0,https://censusindia.gov.in/nada/index.php/catalog/11361,0.9614609421196304
Karnataka,9.3492,3.0833,2.1667,0.0476,0.0833,0.8889,0.4444,0.6905,0.623,17.377,53.8022,17.7438,12.4686,0.274,0.4796,5.1153,2.5577,3.9735,3.5853,1.435,43,1,South,83.9958,12.9193,1.8703,0.0471,0.1567,0.7206,0.0184,61095297.0,https://censusindia.gov.in/nada/index.php/catalog/11361,0.5361561734814343
Kerala,5.6214,3.2333,2.3333,0.0476,0.15,0.0,0.4444,0.3571,1.2619,13.4492,41.7975,24.0411,17.3492,0.3541,1.1153,0.0,3.3046,2.6555,9.3827,1.5124,29,2,South,54.7281,26.5625,18.3837,0.0114,0.0142,0.0134,0.0228,33406061.0,https://censusindia.gov.in/nada/index.php/catalog/11361,0.9987940443906463
Madhya Pradesh,7.3159,2.7333,2.0,0.5476,0.8167,0.6667,0.4444,0.6349,0.4286,15.5881,46.9324,17.5347,12.8303,3.5131,5.239,4.2768,2.8512,4.0731,2.7494,1.6613,35,1,Central,90.8853,6.5743,0.2937,0.2085,0.2975,0.7807,0.8256,72626809.0,https://censusindia.gov.in/nada/index.php/catalog/11361,0.39060276635175295
Maharashtra,7.127,2.9074,2.0741,0.5476,0.8241,0.8889,0.4444,0.6905,0.373,15.877,44.8888,18.3121,13.0634,3.4491,5.1904,5.5986,2.7993,4.3489,2.3494,1.692,41,3,West,79.8252,11.5428,0.9611,0.1987,5.812,1.2461,0.1593,112374333.0,https://censusindia.gov.in/nada/index.php/catalog/11361,0.7163667997253874
Manipur,4.9048,2.5,2.1667,0.131,0.25,0.0,0.4444,3.246,0.5119,14.1548,34.651,17.6619,15.307,0.9251,1.7662,0.0,3.1399,22.9324,3.6165,1.6418,37,1,North-East,41.3852,8.3982,41.286,0.0535,0.2481,0.0592,8.1857,2855794.0,https://censusindia.gov.in/nada/index.php/catalog/11361,1.166575083895906
Meghalaya,4.7778,2.1111,4.7778,0.0,0.2778,0.0,0.4444,4.0556,0.1111,16.5556,28.8591,12.7517,28.8591,0.0,1.6779,0.0,2.6846,24.4966,0.6711,1.5238,29,1,North-East,11.5299,4.3951,74.5908,0.1026,0.3325,0.0211,8.7051,2966889.0,https://censusindia.gov.in/nada/index.php/catalog/11361,0.8454044147308503
Mizoram,5.0714,2.3333,4.1667,0.5476,1.25,0.3333,0.4444,2.0238,0.2619,16.4325,30.8621,14.1995,25.3562,3.3325,7.6069,2.0285,2.7047,12.3159,1.5938,1.7978,39,1,North-East,2.7466,1.3518,87.1606,0.0261,8.5135,0.0343,0.0736,1097206.0,https://censusindia.gov.in/nada/index.php/catalog/11361,0.49661811062839745
Nagaland,3.3333,1.8333,4.5,0.5,0.1667,0.0,0.4444,0.8333,0.0,11.6111,28.7081,15.7895,38.756,4.3062,1.4354,0.0,3.8278,7.177,0.0,1.5274,19,1,North-East,8.7467,2.4748,87.9277,0.0955,0.3416,0.1342,0.1624,1978502.0,https://censusindia.gov.in/nada/index.php/catalog/11361,0.46312704396615284
Odisha,11.0714,1.5833,2.0,0.5476,0.0,0.3333,0.4444,0.8571,0.4563,17.2937,64.0202,9.1556,11.5649,3.1666,0.0,1.9275,2.57,4.9564,2.6388,1.2783,40,1,East,93.6297,2.172,2.7677,0.0524,0.033,0.0224,1.1395,41974218.0,https://censusindia.gov.in/nada/index.php/catalog/11361,0.30356234867198584
Punjab-Haryana-Chandigarh,6.9603,1.8333,1.3333,1.381,0.4167,0.0,0.4444,0.5238,0.0952,12.9881,53.59,14.1155,10.2658,10.6324,3.2081,0.0,3.4219,4.033,0.7333,1.474,33,1,North,62.2376,4.3735,0.7522,32.1085,0.0774,0.184,0.0253,54150250.0,https://censusindia.gov.in/nada/index.php/catalog/11361,0.8527897947637988
Rajasthan,8.0381,2.0667,1.0,0.5476,0.0667,0.6667,0.4444,0.3571,0.0952,13.2825,60.5163,15.5593,7.5287,4.1228,0.5019,5.0191,3.3461,2.6888,0.717,1.3427,32,1,North,88.4879,9.0671,0.1407,1.2734,0.0178,0.9074,0.0068,68548437.0,https://censusindia.gov.in/nada/index.php/catalog/11361,0.435543618680217
Sikkim,10.7048,1.0944,2.1111,0.0476,4.5111,0.0,0.4444,2.0238,0.2897,21.227,50.43,5.1559,9.9454,0.2243,21.2518,0.0,2.0938,9.5341,1.3647,1.4341,42,1,North-East,57.7588,1.616,9.9123,0.3059,27.3866,0.0514,2.6696,610577.0,https://censusindia.gov.in/nada/index.php/catalog/11361,1.0858282872315483
Tamil Nadu,8.0714,3.0833,2.0,0.2143,0.25,0.8889,0.4444,0.746,0.623,16.3214,49.453,18.8913,12.2538,1.3129,1.5317,5.4461,2.7231,4.5709,3.8172,1.5635,38,1,South,87.5825,5.8623,6.1241,0.0202,0.0155,0.1237,0.0103,72147030.0,https://censusindia.gov.in/nada/index.php/catalog/11361,0.4657642891785958
Telangana,7.5714,3.25,2.0,0.5476,0.0833,0.2222,0.4444,0.5794,0.623,15.3214,49.4172,21.2121,13.0536,3.5742,0.5439,1.4504,2.9008,3.7814,4.0663,1.5086,39,1,South,88.4647,9.5558,1.3357,0.0476,0.0434,0.0637,0.0113,84580777.0,https://censusindia.gov.in/nada/index.php/catalog/11361,0.4031615871448758
Tripura,7.4325,2.3333,1.0,0.131,0.75,0.0,0.4444,3.9683,0.5675,16.627,44.7017,14.0334,6.0143,0.7876,4.5107,0.0,2.673,23.8663,3.4129,1.5365,32,1,North-East,83.3961,8.6023,4.3518,0.0291,3.4128,0.0234,0.0412,3673917.0,https://censusindia.gov.in/nada/index.php/catalog/11361,0.621667345763665
Uttar Pradesh,10.1492,3.65,2.0,0.5476,0.8167,0.6667,0.4444,1.0238,0.5119,19.8103,51.2319,18.4247,10.0957,2.7643,4.1224,3.3652,2.2435,5.1681,2.584,1.5633,45,2,North,79.7311,19.2601,0.1784,0.3221,0.1032,0.1067,0.0068,199812341.0,https://censusindia.gov.in/nada/index.php/catalog/11361,0.5426623112976527
Uttarakhand,9.9825,2.5667,2.0,0.5476,0.8167,0.0,0.4444,0.8016,0.4286,17.5881,56.7574,14.5932,11.3713,3.1136,4.6433,0.0,2.527,4.5576,2.4367,1.4243,37,1,North,82.9704,13.9479,0.3746,2.3432,0.148,0.091,0.0098,10086292.0,https://censusindia.gov.in/nada/index.php/catalog/11361,0.555450297895939
West Bengal,9.7103,2.3333,2.0,0.5476,0.9167,0.6667,0.4444,0.9127,0.4841,18.0159,53.8987,12.9515,11.1013,3.0396,5.0881,3.7004,2.467,5.0661,2.6872,1.5612,34,1,East,70.5393,27.0113,0.7216,0.0696,0.3099,0.0659,1.0324,91276115.0,https://censusindia.gov.in/nada/index.php/catalog/11361,0.71032615925674
