tradition,festivals,mean_expected_states,median_expected_states,mean_duration_days,pct_lunar,holiday_days_per_office_per_year,share_of_all_festival_holidays_pct
Hindu,45,4.48,1.51,1.06,77.78,8.58,49.4
Tribal/Indigenous,23,1.19,1.0,1.0,60.87,0.91,5.2
Buddhist,7,2.54,1.0,1.09,71.43,0.69,4.0
Muslim,7,12.34,15.09,1.02,100.0,3.41,19.6
Christian,7,8.21,1.0,1.01,14.29,2.07,11.9
Sikh,5,3.93,1.0,1.0,80.0,0.73,4.2
Cultural (multi-faith),4,1.9,1.96,1.38,25.0,0.36,2.1
Jain,2,7.35,7.35,1.0,100.0,0.53,3.1
Parsi,1,1.0,1.0,1.0,0.0,0.09,0.5
