month,Hindu,Muslim,Christian,Tribal/Indigenous,Sikh,Buddhist,Jain,"Other (Parsi, multi-faith)"
1,0.278,0.061,0.02,0.088,0.02,0.049,0.0,0.069
2,0.284,0.0,0.0,0.029,0.0,0.029,0.0,0.0
3,1.332,0.559,0.275,0.364,0.0,0.0,0.147,0.0
4,0.512,0.328,0.559,0.298,0.056,0.0,0.147,0.195
5,0.01,0.343,0.0,0.0,0.0,0.412,0.0,0.0
6,0.059,0.814,0.0,0.0,0.029,0.01,0.0,0.0
7,0.069,0.108,0.0,0.069,0.02,0.029,0.0,0.0
8,0.781,0.133,0.0,0.049,0.0,0.025,0.033,0.552
9,0.629,0.342,0.033,0.034,0.0,0.013,0.042,0.132
10,2.502,0.0,0.0,0.023,0.0,0.0,0.0,0.0
11,0.768,0.0,0.0,0.145,0.309,0.0,0.0,0.0
12,0.0,0.0,1.216,0.029,0.0,0.059,0.0,0.0
