,Festival holidays/yr,Holiday diversity,Distinct festivals,Hindu hol. %,Muslim hol. %,Christian hol. %,Tribal hol. %,Hindu pop. %,Muslim pop. %,Christian pop. %,Other-religion pop. %,Population diversity
Festival holidays/yr,1.0,-0.005,0.69,0.214,-0.144,-0.586,0.149,0.051,0.233,-0.175,0.079,0.12
Holiday diversity,-0.005,1.0,0.039,-0.791,0.116,0.114,0.239,-0.388,-0.081,0.2,0.43,0.314
Distinct festivals,0.69,0.039,1.0,0.269,-0.12,-0.36,-0.121,0.34,0.004,-0.314,0.002,-0.277
Hindu hol. %,0.214,-0.791,0.269,1.0,-0.267,-0.365,-0.398,0.614,0.113,-0.494,-0.409,-0.384
Muslim hol. %,-0.144,0.116,-0.12,-0.267,1.0,0.229,-0.305,0.143,0.384,-0.238,-0.484,-0.265
Christian hol. %,-0.586,0.114,-0.36,-0.365,0.229,1.0,0.128,-0.204,-0.357,0.495,0.186,-0.049
Tribal hol. %,0.149,0.239,-0.121,-0.398,-0.305,0.128,1.0,-0.529,-0.265,0.639,0.511,0.368
Hindu pop. %,0.051,-0.388,0.34,0.614,0.143,-0.204,-0.529,1.0,-0.057,-0.554,-0.342,-0.757
Muslim pop. %,0.233,-0.081,0.004,0.113,0.384,-0.357,-0.265,-0.057,1.0,-0.45,-0.367,0.211
Christian pop. %,-0.175,0.2,-0.314,-0.494,-0.238,0.495,0.639,-0.554,-0.45,1.0,0.588,0.415
Other-religion pop. %,0.079,0.43,0.002,-0.409,-0.484,0.186,0.511,-0.342,-0.367,0.588,1.0,0.386
Population diversity,0.12,0.314,-0.277,-0.384,-0.265,-0.049,0.368,-0.757,0.211,0.415,0.386,1.0
