state,1,2,3,4,5,6,7,8,9,10,11,12
Uttar Pradesh,1.389,0.5,4.0,2.238,1.083,1.0,0.167,2.322,1.0,2.889,2.222,1.0
Uttarakhand,0.0,0.333,3.333,1.905,1.083,0.667,1.0,2.322,1.0,2.222,2.722,1.0
Jammu & Kashmir,0.0,0.333,3.333,1.738,1.417,1.667,0.5,1.822,1.667,1.611,1.222,1.0
Himachal Pradesh,0.167,0.5,1.667,1.98,1.083,1.333,0.167,1.656,0.333,3.444,1.333,1.0
Rajasthan,0.0,0.333,2.333,1.571,0.333,0.667,0.167,1.989,1.0,2.222,1.667,1.0
Punjab-Haryana-Chandigarh,0.667,0.333,2.667,1.238,0.75,1.0,0.0,1.222,0.333,2.444,1.333,1.0
Delhi,0.0,0.0,2.333,1.905,1.083,1.0,0.167,0.889,0.667,1.556,1.0,1.0
Madhya Pradesh,0.0,0.333,3.333,2.238,1.083,1.0,0.167,2.322,0.667,1.889,1.556,1.0
Chhattisgarh,0.0,0.5,2.667,1.952,1.083,1.0,0.167,1.822,1.0,1.889,1.222,1.0
Jharkhand,0.0,0.333,4.0,2.405,1.083,1.0,0.167,1.556,2.333,3.222,2.0,1.0
West Bengal,0.611,0.333,2.667,2.377,1.083,1.0,0.167,1.222,1.0,4.889,1.667,1.0
Odisha,1.111,0.667,2.667,1.905,0.0,1.333,0.667,2.056,2.0,2.889,1.0,1.0
Bihar,0.0,0.0,3.667,1.905,0.417,1.0,0.167,1.556,0.667,2.889,1.167,1.0
Maharashtra,0.222,0.333,3.333,2.571,1.083,1.0,0.167,1.222,1.333,1.722,1.889,1.0
Gujarat,0.667,0.333,3.0,2.238,0.333,0.333,0.0,2.322,1.667,1.889,0.667,1.0
Goa,0.167,0.0,2.333,1.905,0.417,0.667,0.0,1.222,1.0,1.556,0.0,2.0
Karnataka,0.889,0.333,2.0,2.905,0.75,1.0,0.167,1.222,1.333,3.556,2.056,1.167
Tamil Nadu,3.556,0.167,1.667,2.238,0.417,1.0,0.167,1.889,1.667,2.556,0.0,1.0
Telangana,0.889,0.333,3.0,2.405,0.417,1.0,0.167,1.889,1.667,1.556,1.0,1.0
Andhra Pradesh,1.222,0.333,3.0,2.238,0.417,1.0,0.167,1.889,1.667,1.556,0.0,1.0
Kerala,0.0,0.333,1.667,2.155,0.75,0.667,0.0,1.822,2.5,2.556,0.0,1.0
Sikkim,1.389,1.0,2.333,1.571,0.0,0.333,1.0,2.489,1.667,5.056,1.556,2.833
Tripura,0.278,0.667,1.667,2.544,1.083,1.0,1.5,1.389,0.667,4.278,0.556,1.0
Meghalaya,0.333,0.0,2.0,1.889,0.333,0.667,1.0,1.222,1.333,2.389,2.389,3.0
Mizoram,1.167,0.5,3.0,2.071,1.083,1.0,0.167,0.889,1.0,1.556,1.0,3.0
Assam,1.0,0.0,2.0,2.599,0.417,0.667,0.0,0.889,1.667,4.222,0.222,1.0
Manipur,1.0,0.667,2.333,2.238,0.417,1.0,0.833,0.889,1.0,1.722,0.889,1.167
Nagaland,0.333,0.0,1.333,1.0,0.333,0.667,0.0,0.556,0.0,2.556,1.0,3.833
Arunachal Pradesh,1.0,0.333,2.0,2.044,0.75,0.0,0.0,0.556,0.0,2.556,1.0,1.333
