state,region,cluster,cluster_name
Andhra Pradesh,South,1,C2: above-avg Hindu holiday share
Arunachal Pradesh,North-East,0,C1: above-avg Christian holiday share
Assam,North-East,1,C2: above-avg Hindu holiday share
Bihar,East,1,C2: above-avg Hindu holiday share
Chhattisgarh,Central,2,C3: above-avg Muslim holiday share
Delhi,North,2,C3: above-avg Muslim holiday share
Goa,West,0,C1: above-avg Christian holiday share
Gujarat,West,1,C2: above-avg Hindu holiday share
Himachal Pradesh,North,1,C2: above-avg Hindu holiday share
Jammu & Kashmir,North,2,C3: above-avg Muslim holiday share
Jharkhand,East,1,C2: above-avg Hindu holiday share
Karnataka,South,1,C2: above-avg Hindu holiday share
Kerala,South,2,C3: above-avg Muslim holiday share
Madhya Pradesh,Central,1,C2: above-avg Hindu holiday share
Maharashtra,West,1,C2: above-avg Hindu holiday share
Manipur,North-East,3,C4: above-avg Tribal Indigenous holiday share
Meghalaya,North-East,3,C4: above-avg Tribal Indigenous holiday share
Mizoram,North-East,0,C1: above-avg Christian holiday share
Nagaland,North-East,0,C1: above-avg Christian holiday share
Odisha,East,1,C2: above-avg Hindu holiday share
Punjab-Haryana-Chandigarh,North,1,C2: above-avg Hindu holiday share
Rajasthan,North,1,C2: above-avg Hindu holiday share
Sikkim,North-East,1,C2: above-avg Hindu holiday share
Tamil Nadu,South,1,C2: above-avg Hindu holiday share
Telangana,South,1,C2: above-avg Hindu holiday share
Tripura,North-East,3,C4: above-avg Tribal Indigenous holiday share
Uttar Pradesh,North,1,C2: above-avg Hindu holiday share
Uttarakhand,North,1,C2: above-avg Hindu holiday share
West Bengal,East,1,C2: above-avg Hindu holiday share
