festival,true,predicted
Drukpa Tshe-zi,Other (Sikh/Buddhist/Jain/Parsi/multi-faith),Tribal/Indigenous
Losar,Other (Sikh/Buddhist/Jain/Parsi/multi-faith),Tribal/Indigenous
Losoong / Namsoong,Other (Sikh/Buddhist/Jain/Parsi/multi-faith),Tribal/Indigenous
Pang Lhabsol,Other (Sikh/Buddhist/Jain/Parsi/multi-faith),Tribal/Indigenous
Sonam Lhosar,Other (Sikh/Buddhist/Jain/Parsi/multi-faith),Tribal/Indigenous
Christmas Eve,Abrahamic (Muslim/Christian),Tribal/Indigenous
Feast of St. Francis Xavier,Abrahamic (Muslim/Christian),Other (Sikh/Buddhist/Jain/Parsi/multi-faith)
Maundy Thursday,Abrahamic (Muslim/Christian),Hindu
Missionary Day (Mizoram),Abrahamic (Muslim/Christian),Tribal/Indigenous
Unitarian Anniversary Day,Abrahamic (Muslim/Christian),Tribal/Indigenous
Bengali New Year (Pohela Boishakh),Other (Sikh/Buddhist/Jain/Parsi/multi-faith),Tribal/Indigenous
Bohag Bihu,Other (Sikh/Buddhist/Jain/Parsi/multi-faith),Tribal/Indigenous
Magh Bihu,Other (Sikh/Buddhist/Jain/Parsi/multi-faith),Hindu
Onam,Other (Sikh/Buddhist/Jain/Parsi/multi-faith),Hindu
Diwali (Deepavali),Hindu,Abrahamic (Muslim/Christian)
Holi,Hindu,Abrahamic (Muslim/Christian)
Indra Jatra,Hindu,Tribal/Indigenous
Kati Bihu,Hindu,Tribal/Indigenous
Maha Shivaratri,Hindu,Abrahamic (Muslim/Christian)
Makar Sankranti,Hindu,Other (Sikh/Buddhist/Jain/Parsi/multi-faith)
Navratri / Durga Puja / Dussehra,Hindu,Abrahamic (Muslim/Christian)
Parshuram Jayanti,Hindu,Other (Sikh/Buddhist/Jain/Parsi/multi-faith)
Raja Sankranti,Hindu,Other (Sikh/Buddhist/Jain/Parsi/multi-faith)
Raksha Bandhan,Hindu,Other (Sikh/Buddhist/Jain/Parsi/multi-faith)
Ram Navami,Hindu,Abrahamic (Muslim/Christian)
Rath Yatra,Hindu,Tribal/Indigenous
Sant Kabir Jayanti,Hindu,Other (Sikh/Buddhist/Jain/Parsi/multi-faith)
Srimanta Sankardeva Tithi / Janmotsav,Hindu,Tribal/Indigenous
Mahavir Jayanti,Other (Sikh/Buddhist/Jain/Parsi/multi-faith),Hindu
Samvatsari (Paryushan),Other (Sikh/Buddhist/Jain/Parsi/multi-faith),Hindu
Jumat-ul-Vida,Abrahamic (Muslim/Christian),Other (Sikh/Buddhist/Jain/Parsi/multi-faith)
Milad-un-Nabi,Abrahamic (Muslim/Christian),Hindu
Shab-e-Qadr,Abrahamic (Muslim/Christian),Other (Sikh/Buddhist/Jain/Parsi/multi-faith)
"Parsi New Year (Navroz, Shahenshahi)",Other (Sikh/Buddhist/Jain/Parsi/multi-faith),Hindu
Baisakhi (Vaisakhi),Other (Sikh/Buddhist/Jain/Parsi/multi-faith),Hindu
Guru Gobind Singh Jayanti,Other (Sikh/Buddhist/Jain/Parsi/multi-faith),Abrahamic (Muslim/Christian)
Guru Hargobind Jayanti,Other (Sikh/Buddhist/Jain/Parsi/multi-faith),Hindu
Guru Nanak Jayanti (Gurpurab),Other (Sikh/Buddhist/Jain/Parsi/multi-faith),Hindu
Biju / Buisu,Tribal/Indigenous,Other (Sikh/Buddhist/Jain/Parsi/multi-faith)
Cheiraoba (Meitei New Year),Tribal/Indigenous,Hindu
Karma Puja,Tribal/Indigenous,Hindu
Lui-Ngai-Ni,Tribal/Indigenous,Abrahamic (Muslim/Christian)
Mera Chaoren Houba,Tribal/Indigenous,Hindu
Ningol Chakkouba,Tribal/Indigenous,Hindu
Nyokum,Tribal/Indigenous,Other (Sikh/Buddhist/Jain/Parsi/multi-faith)
Sarhul,Tribal/Indigenous,Hindu
Yaosang,Tribal/Indigenous,Hindu
