festival,year,actual,loo_predicted
Diwali (Deepavali),2021,125000.0,209389.0
Diwali (Deepavali),2023,375000.0,287081.0
Diwali (Deepavali),2024,425000.0,412920.0
Diwali (Deepavali),2025,605000.0,541860.0
Raksha Bandhan,2018,3000.0,1471.0
Raksha Bandhan,2023,10000.0,13629.0
Raksha Bandhan,2024,12000.0,12958.0
Raksha Bandhan,2025,17000.0,17012.0
Holi,2024,50000.0,58226.0
Holi,2025,60000.0,51524.0
Karva Chauth,2023,15000.0,15777.0
Karva Chauth,2024,22000.0,20494.0
Karva Chauth,2025,28000.0,28695.0
Ganesh Chaturthi,2024,25000.0,33384.0
Ganesh Chaturthi,2025,45000.0,33699.0
