festival,wiki_title_requested,wiki_title_resolved,wiki_url,wiki_observed_by,wiki_type,wiki_significance,wiki_frequency,wiki_duration,retrieved_on
Diwali (Deepavali),Diwali,Diwali,https://en.wikipedia.org/wiki/Diwali,"Hindus, Jains, Sikhs, some Buddhists (notably Newar Buddhists )","Religious, cultural, seasonal",See below,Annual,5 or 6 days (regional variations),2026-10-05
Bhai Dooj,Bhai Dooj,Bhai Dooj,https://en.wikipedia.org/wiki/Bhai_Dooj,Hindus,Religious,,Annual,,2026-10-05
Vikram Samvat New Year,Vikram Samvat,Vikram Samvat,https://en.wikipedia.org/wiki/Vikram_Samvat,,,,,,2026-10-05
Kojagari Lakshmi Puja,Sharad Purnima,Sharada Purnima,https://en.wikipedia.org/wiki/Sharada_Purnima,Hindus,,,Annual,,2026-10-05
Holi,Holi,Holi,https://en.wikipedia.org/wiki/Holi,"Hindus, and others","Religious, cultural, spring festival",Victory of good over evil Celebration of the love of Radha Krishna Arrival of Spring,Annual,,2026-10-05
Navratri / Durga Puja / Dussehra,Durga Puja,Durga Puja,https://en.wikipedia.org/wiki/Durga_Puja,,,,Annual,,2026-10-05
Mahalaya,Mahalaya,Pitru Paksha,https://en.wikipedia.org/wiki/Pitru_Paksha,Hindus,Hindu,,Annual,16 Days,2026-10-05
Ganesh Chaturthi,Ganesh Chaturthi,Ganesh Chaturthi,https://en.wikipedia.org/wiki/Ganesh_Chaturthi,Hindus around the world,Religious,Commemorates the birth of the elephant-headed deity Ganesha,Annual,,2026-10-05
Hartalika Teej,Teej,Teej,https://en.wikipedia.org/wiki/Teej,Hindu women,Hindu,Signifies the penance made by goddess Parvati to receive Shiva as her husband,Annual,,2026-10-05
Janmashtami,Krishna Janmashtami,Krishna Janmashtami,https://en.wikipedia.org/wiki/Krishna_Janmashtami,Hindus,"Religious (1–2 days), cultural",Commemorates the birth of Krishna,,,2026-10-05
Raksha Bandhan,Raksha Bandhan,Raksha Bandhan,https://en.wikipedia.org/wiki/Raksha_Bandhan,Hindus,"Religious, cultural",Honours the bond between siblings,,,2026-10-05
Maha Shivaratri,Maha Shivaratri,Maha Shivaratri,https://en.wikipedia.org/wiki/Maha_Shivaratri,Hindus,Religious,Commemoration of the wedding of Shiva and Parvati Veneration of the Tandava dance of Shiva Manifestation of the lingam,Annual,,2026-10-05
Ram Navami,Rama Navami,Rama Navami,https://en.wikipedia.org/wiki/Rama_Navami,,Hindu,Birthday of Rama,Annual,1 Day,2026-10-05
Chaitra Navratri (1st day),Chaitra Navaratri,Navaratri,https://en.wikipedia.org/wiki/Navaratri,Hindus,Hindu,"Honors the nine forms of Goddess Durga, known as Navadurga",Annual,9 nights,2026-10-05
Makar Sankranti,Makar Sankranti,Makar Sankranti,https://en.wikipedia.org/wiki/Makar_Sankranti,"Hindus, Buddhists, Sikhs, Jains","Religious and cultural, harvest festival","A harvest festival, a celebration of the mid-winter solstice",Annual,,2026-10-05
Pongal,Pongal (festival),Pongal (festival),https://en.wikipedia.org/wiki/Pongal_(festival),"Primarily Tamil Hindus in India, Sri Lanka, Malaysia, United States, Indonesia, Mauritius, Singapore, UK, South Africa, Canada, Australia, Gulf countries",Hindu,"Harvest festival, Winter Solstice . Worship of the Solar deity for agricultural abundance, and celebration of cattle.",Annual,,2026-10-05
Chhath Puja,Chhath,Chhath,https://en.wikipedia.org/wiki/Chhath,"Indians and Nepalese Maithils, Bhojpuriyas, Magahis, and Tharus","Cultural, historical, religious",Veneration of the sun god Surya and his sister Chhathi Maiya,Annual,4 days,2026-10-05
Saraswati Puja / Vasant Panchami,Vasant Panchami,Vasant Panchami,https://en.wikipedia.org/wiki/Vasant_Panchami,"Hindus in India, Nepal, Bangladesh, Java and Bali (Indonesia and many other countries)","Cultural, religious","Spring, harvest, Goddess Saraswati",,,2026-10-05
Karva Chauth,Karva Chauth,Karva Chauth,https://en.wikipedia.org/wiki/Karva_Chauth,"Married Hindu women, in some areas, unmarried Hindu women",Hinduism,,,,2026-10-05
Rath Yatra,Ratha Yatra (Puri),Ratha Yatra (Puri),https://en.wikipedia.org/wiki/Ratha_Yatra_(Puri),Hindu,Religious,Represents the soul's journey towards salvation,annual,"1 week, 2 days",2026-10-05
Kartika Purnima / Rahas Purnima,Kartik Purnima,Kartika Purnima,https://en.wikipedia.org/wiki/Kartika_Purnima,"Hindus, Sikhs, and Jains",Religious,"Commemorates as : Lord Shiva 's victory over the demon Tripurasura Appearance of Bhagavan Vishnu as Matsya (the fish avatar) Birthday of Lord Kartikeya, and Vrinda Birth of Guru Nanak",,,2026-10-05
Kumar Purnima,Kumar Purnima,Sharada Purnima,https://en.wikipedia.org/wiki/Sharada_Purnima,Hindus,,,Annual,,2026-10-05
Akshaya Tritiya,Akshaya Tritiya,Akshaya Tritiya,https://en.wikipedia.org/wiki/Akshaya_Tritiya,"Jain, Hindu",,"A day believed to bring endless prosperity, success, and good fortune.",Annual,,2026-10-05
Basava Jayanti,Basava Jayanti,Basava Jayanti,https://en.wikipedia.org/wiki/Basava_Jayanti,,,,,,2026-10-05
Parshuram Jayanti,Parashurama Jayanti,Parashurama Jayanti,https://en.wikipedia.org/wiki/Parashurama_Jayanti,"Hindus, especially Vaishnavas",,Commemorate the birth anniversary of Lord Parashurama,Annual,,2026-10-05
Valmiki Jayanti,Valmiki Jayanti,Pargat Diwas,https://en.wikipedia.org/wiki/Pargat_Diwas,Nepal and India,Religious,Commemorate famous sage Maharishi Valmiki,Annual,,2026-10-05
Vishwakarma Day,Vishwakarma Puja,Vishvakarma Puja,https://en.wikipedia.org/wiki/Vishvakarma_Puja,Hindus,,"Commemorates the birth anniversary of the god of architects, Vishwakarma",Annual,1 Day,2026-10-05
Thaipusam,Thaipusam,Thaipusam,https://en.wikipedia.org/wiki/Thaipusam,"Primarily Tamil Hindus in India, Sri Lanka, Malaysia, Singapore, Indonesia, Southeast Asia, Caribbean, Mauritius, Fiji, South Africa and United States",Hindu,Commemoration of Murugan 's victory over Surapadman,,,2026-10-05
Attukal Pongala,Attukal Pongala,Attukal Pongala,https://en.wikipedia.org/wiki/Attukal_Pongala,Hindus of Kerala,"Religious, cultural",,Annual,,2026-10-05
Nuakhai,Nuakhai,Nuakhai,https://en.wikipedia.org/wiki/Nuakhai,,Regional Festival/ Indian festival,Harvest festival,annual,,2026-10-05
Raja Sankranti,Raja Parba,Raja (festival),https://en.wikipedia.org/wiki/Raja_(festival),,,,,,2026-10-05
Harela,Harela,Harela,https://en.wikipedia.org/wiki/Harela,"People of Uttarakhand, Himachal Pradesh (especially Kumaon region )","Cultural, Religious, Agricultural","Marks the beginning of the monsoon and sowing season; symbolizes greenery, prosperity, and environmental conservation",Annual,,2026-10-05
Igas-Bagwal,Igas Bagwal,Igas Bagwal,https://en.wikipedia.org/wiki/Igas_Bagwal,People of Uttarakhand (primarily Garhwali communities ),Cultural and religious festival,"Celebrated as Budhi Diwali, marking the delayed celebration of Diwali in the Himalayan region",Annual,1 Day,2026-10-05
Indra Jatra,Indra Jatra,Indra Jatra,https://en.wikipedia.org/wiki/Indra_Jatra,"Nepalis Hindus and Buddhists, Nepal",Religious,celebrated to thank Lord Indra for bringing rain and ensuring a prosperous harvest marks the beginnings of the 2 greatest festivals of Hindu Nepalese,Annual,8 days,2026-10-05
Srimanta Sankardeva Tithi / Janmotsav,Srimanta Sankardeva,Sankardev,https://en.wikipedia.org/wiki/Sankardev,,,,,,2026-10-05
Kanakadasa Jayanti,Kanaka Dasa,Kanaka Dasa,https://en.wikipedia.org/wiki/Kanaka_Dasa,,,,,,2026-10-05
Sant Ravidas Jayanti,Ravidas Jayanti,Guru Ravidass Jayanti,https://en.wikipedia.org/wiki/Guru_Ravidass_Jayanti,Ravidassias,"Religious, cultural",Commemoration of the birth of Ravidas,Annual,,2026-10-05
Sant Kabir Jayanti,Kabir,Kabir,https://en.wikipedia.org/wiki/Kabir,,,,,,2026-10-05
Sree Narayana Guru Jayanti / Samadhi,Narayana Guru,Narayana Guru,https://en.wikipedia.org/wiki/Narayana_Guru,,,,,,2026-10-05
Maharaja Agrasen Jayanti,Agrasen,Agrasen,https://en.wikipedia.org/wiki/Agrasen,,,,,,2026-10-05
Kati Bihu,Kati Bihu,Bihu,https://en.wikipedia.org/wiki/Bihu,,Regional folk,,Tri-annual,Bhogali Bihu : 2 days Rongali Bihu : 7 days; mostly celebrated for 2 to 3 days Kati Bihu : celebrated 1 day,2026-10-05
Gudi Padwa / Ugadi,Ugadi,Ugadi,https://en.wikipedia.org/wiki/Ugadi,Telugu and Kannadiga Hindus,"Religious (Hindu), social, cultural",Denotes the start of the New Year,Annual,,2026-10-05
Maha Vishuva Sankranti (Odia New Year),Pana Sankranti,Maha Bishuba Sankranti,https://en.wikipedia.org/wiki/Maha_Bishuba_Sankranti,Odias,"Social, Cultural, Religious",Odia New Year,,,2026-10-05
Tamil New Year (Puthandu),Puthandu,Puthandu,https://en.wikipedia.org/wiki/Puthandu,"Tamils in India, Sri Lanka, Mauritius, Reunion, Malaysia, Singapore, South Africa","Cultural, Social, Religious",Tamil New Year,Annual,,2026-10-05
Vishu,Vishu,Vishu,https://en.wikipedia.org/wiki/Vishu,Malayalis,"cultural, seasonal",Malayali New Year (traditional),,,2026-10-05
Onam,Onam,Onam,https://en.wikipedia.org/wiki/Onam,Malayalis,"Hindu religious festival, Harvest festival",,Annual,10 days,2026-10-05
Bohag Bihu,Rongali Bihu,Bohag Bihu,https://en.wikipedia.org/wiki/Bohag_Bihu,,"Social, Cultural, Religious",New Year,annual,,2026-10-05
Magh Bihu,Magh Bihu,Magh Bihu,https://en.wikipedia.org/wiki/Magh_Bihu,People of Assam and other North eastern states,,,Annual,2 days,2026-10-05
Bengali New Year (Pohela Boishakh),Pohela Boishakh,Pohela Boishakh,https://en.wikipedia.org/wiki/Pohela_Boishakh,Bengalis,"Social, cultural and national festival",Start of new year in Bengali calendar,Annual,,2026-10-05
Eid-ul-Fitr,Eid al-Fitr,Eid al-Fitr,https://en.wikipedia.org/wiki/Eid_al-Fitr,Muslims,Islamic,To mark the end of fasting in Ramadan,,,2026-10-05
Eid-ul-Adha (Bakrid),Eid al-Adha,Eid al-Adha,https://en.wikipedia.org/wiki/Eid_al-Adha,Muslims,Islamic,Commemoration of Abraham 's willingness to sacrifice his son in obedience to God 's command End of the annual Hajj in Mecca for pilgrims,,4 days,2026-10-05
Milad-un-Nabi,Mawlid,Mawlid,https://en.wikipedia.org/wiki/Mawlid,Mainstream Sunni Muslims and Shia Muslims,Islamic,Commemoration of the birth of Muhammad,once every Hijri year,,2026-10-05
Muharram / Ashura,Ashura,Ashura,https://en.wikipedia.org/wiki/Ashura,,Islamic ( Shia and Sunni ),"In Shia Islam: Mourning the death of Husayn ibn Ali, grandson of the Islamic prophet Muhammad and the third Shia imam In Sunni Islam: Commemorating God's parting of the Red Sea and his salvation of Mo",Annual ( Islamic calendar ),One day,2026-10-05
Jumat-ul-Vida,Jumu'atul-Wida,Jumu'atul-Wida,https://en.wikipedia.org/wiki/Jumu'atul-Wida,Muslims,,,annual,,2026-10-05
Shab-e-Qadr,Laylat al-Qadr,Night of Power,https://en.wikipedia.org/wiki/Night_of_Power,Muslims,,The night is believed to be better than 1000 months. Angels descend to the earth and the annual decree is revealed to them,Annual,,2026-10-05
Birthday of Hazrat Ali,Ali,Ali,https://en.wikipedia.org/wiki/Ali,,,,,,2026-10-05
Christmas,Christmas,Christmas,https://en.wikipedia.org/wiki/Christmas,"Christians, Alawites, many others","Christian, cultural, international",Commemoration of the nativity of Jesus,,,2026-10-05
Christmas Eve,Christmas Eve,Christmas Eve,https://en.wikipedia.org/wiki/Christmas_Eve,Christians Many non-Christians,"Christian, cultural",Day or evening preceding the traditional birthday of Jesus,Annual,,2026-10-05
Good Friday,Good Friday,Good Friday,https://en.wikipedia.org/wiki/Good_Friday,Christians,Christian,"Commemoration of the Passion, crucifixion and the death of Jesus Christ",,,2026-10-05
Maundy Thursday,Maundy Thursday,Maundy Thursday,https://en.wikipedia.org/wiki/Maundy_Thursday,Christians,Christian / Civic,Commemorates the Maundy and Last Supper of Jesus Christ,annual,,2026-10-05
Feast of St. Francis Xavier,Francis Xavier,Francis Xavier,https://en.wikipedia.org/wiki/Francis_Xavier,,,,,,2026-10-05
Missionary Day (Mizoram),Christianity in Mizoram,Christianity in Mizoram,https://en.wikipedia.org/wiki/Christianity_in_Mizoram,,,,,,2026-10-05
Unitarian Anniversary Day,Unitarian Union of North East India,Unitarian Union of North East India,https://en.wikipedia.org/wiki/Unitarian_Union_of_North_East_India,,,,,,2026-10-05
Guru Nanak Jayanti (Gurpurab),Guru Nanak Gurpurab,Guru Nanak Gurpurab,https://en.wikipedia.org/wiki/Guru_Nanak_Gurpurab,"Sikhs, Nanakpanthi and many non-Sikhs","Religious, cultural, international",Commemoration of the nativity of Nanak,,,2026-10-05
Guru Gobind Singh Jayanti,Guru Gobind Singh,Guru Gobind Singh,https://en.wikipedia.org/wiki/Guru_Gobind_Singh,,,,,,2026-10-05
Martyrdom Day of Guru Arjan Dev,Guru Arjan,Guru Arjan,https://en.wikipedia.org/wiki/Guru_Arjan,,,,,,2026-10-05
Guru Hargobind Jayanti,Guru Hargobind,Guru Hargobind,https://en.wikipedia.org/wiki/Guru_Hargobind,,,,,,2026-10-05
Baisakhi (Vaisakhi),Vaisakhi,Vaisakhi,https://en.wikipedia.org/wiki/Vaisakhi,"Indians, Punjabis, Sikhs",Religious and harvest festival,"Solar new year, cultural day, harvest festival,  birth of the Khalsa",,2 days,2026-10-05
Mahavir Jayanti,Mahavir Janma Kalyanak,Mahavira Janma Kalyanaka,https://en.wikipedia.org/wiki/Mahavira_Janma_Kalyanaka,Jains,"Religious, India (national holiday)",Birth Anniversary of Mahavira,Annual,,2026-10-05
Samvatsari (Paryushan),Samvatsari,Samvatsari,https://en.wikipedia.org/wiki/Samvatsari,Śvetāmbara sect of Jains worldwide,Jain,"Last day of Paryushan festival, on which Jains forgive and seek forgiveness from all living beings",Annual,,2026-10-05
Buddha Purnima,Buddha's Birthday,Buddha's Birthday,https://en.wikipedia.org/wiki/Buddha's_Birthday,Buddhists in East Asia and Newar Buddhists and some Hindus in South and Southeast Asia (as Vesak ),"Buddhist, cultural",Commemoration of the birth of Gautama Buddha,annual,,2026-10-05
Losar,Losar,Losar,https://en.wikipedia.org/wiki/Losar,"Tibetans, Bhutanese, Ladakhis, Sherpas, Tamangs, Monpas, worldwide Tibetan Buddhists","Tibetan culture, Tibetan Buddhist, New year","Symbolizes the renewal of life, prosperity, and spiritual cleansing",Annual,15 days,2026-10-05
Losoong / Namsoong,Losoong (festival),Losoong Festival,https://en.wikipedia.org/wiki/Losoong_Festival,"Bhutias, Lepchas",,marks the beginning of the Sikkimese New Year and commemorates the end of the harvest season,Annual,Several days,2026-10-05
Drukpa Tshe-zi,Drukpa Tsheshi,,,,,,,,2026-10-05
Saga Dawa,Saga Dawa,Vesak,https://en.wikipedia.org/wiki/Vesak,"Buddhist, Jains and Hindus",Buddhist,"To mark as commemoration of the birth, enlightenment and death of The Buddha",Annual,,2026-10-05
Pang Lhabsol,Pang Lhabsol,Public holidays in India,https://en.wikipedia.org/wiki/Public_holidays_in_India,,,,,,2026-10-05
Sonam Lhosar,Sonam Lhosar,Sonam Lhosar,https://en.wikipedia.org/wiki/Sonam_Lhosar,Tamang and Hyolmo communities,Tamang festival,Marks the beginning of the Tamang New Year,Annual,,2026-10-05
"Parsi New Year (Navroz, Shahenshahi)",Nowruz,Nowruz,https://en.wikipedia.org/wiki/Nowruz,Iranian peoples and diaspora (originally) Various ethnic groups from Persianate societies (currently) Current countries: Afghanistan Albania Armenia Australia Azerbaijan Bahrain Bangladesh Canada Chin,Cultural,Vernal equinox ; first day of a new year on the Iranian calendars and the Solar Hijri calendar,Annual,,2026-10-05
Sarhul,Sarhul,Sarhul,https://en.wikipedia.org/wiki/Sarhul,,,,,,2026-10-05
Karma Puja,Karam festival,Karam festival,https://en.wikipedia.org/wiki/Karam_festival,,Regional Festival/ Indian festival,Harvest festival,annual,,2026-10-05
Chapchar Kut,Chapchar Kut,Chapchar Kut,https://en.wikipedia.org/wiki/Chapchar_Kut,Mizo people all around the world,Cultural,Marking the end of the Jhum cultivation month,Annual,,2026-10-05
Kut (Chin-Kuki-Mizo),Kut festival,Chapchar Kut,https://en.wikipedia.org/wiki/Chapchar_Kut,Mizo people all around the world,Cultural,Marking the end of the Jhum cultivation month,Annual,,2026-10-05
Garia Puja,Garia Puja,Garia puja,https://en.wikipedia.org/wiki/Garia_puja,,,,,,2026-10-05
Kharchi Puja,Kharchi Puja,Kharchi puja,https://en.wikipedia.org/wiki/Kharchi_puja,,Hindu Festival,,Annual,,2026-10-05
Ker Puja,Ker Puja,Ker puja,https://en.wikipedia.org/wiki/Ker_puja,,,,,,2026-10-05
Wangala,Wangala,Wangala,https://en.wikipedia.org/wiki/Wangala,Garo people,"Seasonal, traditional",A harvest festival,Annual,,2026-10-05
Nongkrem Dance,Nongkrem Dance,Dance in India,https://en.wikipedia.org/wiki/Dance_in_India,,,,,,2026-10-05
Shad Suk Mynsiem,Shad Suk Mynsiem,Northeast India,https://en.wikipedia.org/wiki/Northeast_India,,,,,,2026-10-05
Behdienkhlam,Behdienkhlam,Behdienkhlam,https://en.wikipedia.org/wiki/Behdienkhlam,Niamtre followers of Pnar people of Meghalaya,,Harvest festival Invocation to gods,,,2026-10-05
Seng Kut Snem,Seng Khasi,Seng Khasi,https://en.wikipedia.org/wiki/Seng_Khasi,,,,,,2026-10-05
Nyokum,Nyokum,Nyokum,https://en.wikipedia.org/wiki/Nyokum,,,,,,2026-10-05
Lui-Ngai-Ni,Lui-Ngai-Ni,Lui Ngai Ni,https://en.wikipedia.org/wiki/Lui_Ngai_Ni,,Naga cultural festival,Seed sowing festival of the Nagas in Manipur,,,2026-10-05
Gaan-Ngai,Gaan-Ngai,Gaan-Ngai,https://en.wikipedia.org/wiki/Gaan-Ngai,Kabui,,Post - Harvest festival,Annual,Several days,2026-10-05
Indigenous Faith Day (Arunachal),Donyi-Polo,Donyi-Polo,https://en.wikipedia.org/wiki/Donyi-Polo,,New religious movement,,,,2026-10-05
Tendong Lho Rum Faat,Tendong Lho Rum Faat,Tendong Lho Rumfaat,https://en.wikipedia.org/wiki/Tendong_Lho_Rumfaat,,,,,,2026-10-05
Biju / Buisu,Bizu,Biju festival,https://en.wikipedia.org/wiki/Biju_festival,Chakma people,,Chakma New Year,Annual,,2026-10-05
Cheiraoba (Meitei New Year),Cheiraoba,Sajibu Nongma Panba,https://en.wikipedia.org/wiki/Sajibu_Nongma_Panba,Meitei people,Asian,,Annual,,2026-10-05
Yaosang,Yaoshang,Yaosang,https://en.wikipedia.org/wiki/Yaosang,Meitei people,"Religious, cultural, sports, spring festival",,Annual,,2026-10-05
Ningol Chakkouba,Ningol Chakouba,Ningol Chakkouba,https://en.wikipedia.org/wiki/Ningol_Chakkouba,Meiteis,Meitei people,Celebrates the bond between married women and their paternal home,Once a Year,,2026-10-05
Imoinu Iratpa,Imoinu Iratpa,Imoinu Iratpa,https://en.wikipedia.org/wiki/Imoinu_Iratpa,Meitei people,Religious,,Annual,,2026-10-05
Mera Chaoren Houba,Mera Chaoren Houba,Meitei festivals,https://en.wikipedia.org/wiki/Meitei_festivals,,,,,,2026-10-05
