festival,home_rbi_offices,wikipedia_observed_by,wikipedia_url
Tamil New Year (Puthandu),Chennai,"Tamils in India, Sri Lanka, Mauritius, Reunion, Malaysia, Singapore, South Africa",https://en.wikipedia.org/wiki/Puthandu
Pongal,Chennai,"Primarily Tamil Hindus in India, Sri Lanka, Malaysia, United States, Indonesia, Mauritius, Singapore, UK, South Africa, Canada, Australia, Gulf countries",https://en.wikipedia.org/wiki/Pongal_(festival)
Vishu,Kochi;Thiruvananthapuram,Malayalis,https://en.wikipedia.org/wiki/Vishu
Onam,Kochi;Thiruvananthapuram,Malayalis,https://en.wikipedia.org/wiki/Onam
Bengali New Year (Pohela Boishakh),Kolkata;Agartala,Bengalis,https://en.wikipedia.org/wiki/Pohela_Boishakh
Bohag Bihu,Guwahati,,https://en.wikipedia.org/wiki/Bohag_Bihu
Magh Bihu,Guwahati,People of Assam and other North eastern states,https://en.wikipedia.org/wiki/Magh_Bihu
Kati Bihu,Guwahati,,https://en.wikipedia.org/wiki/Bihu
Gudi Padwa / Ugadi,Mumbai;Nagpur;Belapur;Hyderabad;Vijayawada;Bengaluru,Telugu and Kannadiga Hindus,https://en.wikipedia.org/wiki/Ugadi
Maha Vishuva Sankranti (Odia New Year),Bhubaneswar,Odias,https://en.wikipedia.org/wiki/Maha_Bishuba_Sankranti
Raja Sankranti,Bhubaneswar,,https://en.wikipedia.org/wiki/Raja_(festival)
Nuakhai,Bhubaneswar,,https://en.wikipedia.org/wiki/Nuakhai
Baisakhi (Vaisakhi),Chandigarh,"Indians, Punjabis, Sikhs",https://en.wikipedia.org/wiki/Vaisakhi
Vikram Samvat New Year,Ahmedabad,,https://en.wikipedia.org/wiki/Vikram_Samvat
Basava Jayanti,Bengaluru,,https://en.wikipedia.org/wiki/Basava_Jayanti
Cheiraoba (Meitei New Year),Imphal,Meitei people,https://en.wikipedia.org/wiki/Sajibu_Nongma_Panba
Yaosang,Imphal,Meitei people,https://en.wikipedia.org/wiki/Yaosang
Ningol Chakkouba,Imphal,Meiteis,https://en.wikipedia.org/wiki/Ningol_Chakkouba
Mera Chaoren Houba,Imphal,,https://en.wikipedia.org/wiki/Meitei_festivals
Imoinu Iratpa,Imphal,Meitei people,https://en.wikipedia.org/wiki/Imoinu_Iratpa
Kut (Chin-Kuki-Mizo),Imphal,Mizo people all around the world,https://en.wikipedia.org/wiki/Chapchar_Kut
Biju / Buisu,Agartala;Aizawl,Chakma people,https://en.wikipedia.org/wiki/Biju_festival
